target_l1,target_l2,target_l3,matched_l2,matched_l3,confidence,method_used,top_3_candidates,reasoning
(Corporate) Property,Facility Management,Canteen Services,FOOD SERVICES,FOOD SERVICES,0.6786419930097619,similarity_search,"[{""l2"": ""FOOD SERVICES"", ""l3"": ""FOOD SERVICES"", ""score"": 0.0, ""definition"": ""Food service management services focused on corporate cafeterias or in office catering""}, {""l2"": ""FOOD SERVICES"", ""l3"": ""BREAKROOM SERVICES"", ""score"": 0.0, ""definition"": ""Food service management services specific to coffee and break room services, not cafeteria""}, {""l2"": ""FACILITY SERVICES"", ""l3"": ""INTEGRATED FACILITIES MANAGEMENT"", ""score"": 0.0, ""definition"": ""Outsourced facilities management including management of all facilities related services: janitorial, landscaping, electrical, HVAC, plumbing, etc""}]",Food service management services focused on corporate cafeterias or in office catering
(Corporate) Property,Facility Management,Cleaning Services and goods,JANITORIAL SERVICES,JANITORIAL SERVICES,0.6319715976715132,similarity_search,"[{""l2"": ""JANITORIAL SERVICES"", ""l3"": ""JANITORIAL SERVICES"", ""score"": 0.0, ""definition"": ""Facility cleaning and janitorial services""}, {""l2"": ""FACILITY SERVICES"", ""l3"": ""INTEGRATED FACILITIES MANAGEMENT"", ""score"": 0.0, ""definition"": ""Outsourced facilities management including management of all facilities related services: janitorial, landscaping, electrical, HVAC, plumbing, etc""}, {""l2"": ""FACILITY SERVICES"", ""l3"": ""INDUSTRIAL CLEANING"", ""score"": 0.0, ""definition"": ""Industrial cleaning services specialize in the removal of contaminants, dust, and waste from manufacturing plants, warehouses, and production facilities. Techniques may include high-pressure washing, vacuuming, degreasing, and hazardous waste handling. These services ensure safety, hygiene, and regulatory compliance (OSHA, EPA). Providers use specialized equipment and trained personnel to maintain operational efficiency and reduce downtime in industrial environments.""}]",Facility cleaning and janitorial services
(Corporate) Property,Facility Management,Maintenance Services,FACILITY SERVICES,INTEGRATED FACILITIES MANAGEMENT,0.6815312707880521,similarity_search,"[{""l2"": ""FACILITY SERVICES"", ""l3"": ""INTEGRATED FACILITIES MANAGEMENT"", ""score"": 0.0, ""definition"": ""Outsourced facilities management including management of all facilities related services: janitorial, landscaping, electrical, HVAC, plumbing, etc""}, {""l2"": ""BUILDING REPAIR & MAINTENANCE"", ""l3"": ""BUILDING REPAIR & MAINTENANCE"", ""score"": 0.0, ""definition"": ""Repair and maintenance services""}, {""l2"": ""BUILDING REPAIR & MAINTENANCE"", ""l3"": ""BUILDING MANAGEMENT SYSTEM"", ""score"": 0.0, ""definition"": ""System associated with managing building maintenance""}]","Outsourced facilities management including management of all facilities related services: janitorial, landscaping, electrical, HVAC, plumbing, etc"
(Corporate) Property,Facility Management,Other FM services and goods,FACILITY SERVICES,INTEGRATED FACILITIES MANAGEMENT,0.6558327264586372,similarity_search,"[{""l2"": ""FACILITY SERVICES"", ""l3"": ""INTEGRATED FACILITIES MANAGEMENT"", ""score"": 0.0, ""definition"": ""Outsourced facilities management including management of all facilities related services: janitorial, landscaping, electrical, HVAC, plumbing, etc""}, {""l2"": ""FACILITY SERVICES"", ""l3"": ""FACILITY / PROPERTY RENT"", ""score"": 0.0, ""definition"": ""Facility and property lease and rental payments""}, {""l2"": ""CORPORATE OFFICE"", ""l3"": ""SUNDRIES"", ""score"": 0.0, ""definition"": ""General goods purchased for office use""}]","Outsourced facilities management including management of all facilities related services: janitorial, landscaping, electrical, HVAC, plumbing, etc"
(Corporate) Property,Facility Management,Security Goods,SECURITY,SECURITY PERSONNEL,0.5701052290263918,similarity_search,"[{""l2"": ""SECURITY"", ""l3"": ""SECURITY PERSONNEL"", ""score"": 0.0, ""definition"": ""Security guards and personnel""}, {""l2"": ""CORPORATE OFFICE"", ""l3"": ""SUNDRIES"", ""score"": 0.0, ""definition"": ""General goods purchased for office use""}, {""l2"": ""SECURITY"", ""l3"": ""ELECTRONIC SECURITY"", ""score"": 0.0, ""definition"": ""Installation and repair of security products (access control, video surveillance, etc.)""}]",Security guards and personnel
(Corporate) Property,Facility Management,Security Services,FACILITY SERVICES,INTEGRATED FACILITIES MANAGEMENT,0.6283728071562296,similarity_search,"[{""l2"": ""FACILITY SERVICES"", ""l3"": ""INTEGRATED FACILITIES MANAGEMENT"", ""score"": 0.0, ""definition"": ""Outsourced facilities management including management of all facilities related services: janitorial, landscaping, electrical, HVAC, plumbing, etc""}, {""l2"": ""SECURITY"", ""l3"": ""SECURITY PERSONNEL"", ""score"": 0.0, ""definition"": ""Security guards and personnel""}, {""l2"": ""FACILITY SERVICES"", ""l3"": ""LOCKSMITH"", ""score"": 0.0, ""definition"": ""Lock and key services""}]","Outsourced facilities management including management of all facilities related services: janitorial, landscaping, electrical, HVAC, plumbing, etc"
(Corporate) Property,Real Estate,"Architecture, interior design and project management service",CONSTRUCTION SERVICES,ARCHITECTURE & INTERIOR DESIGN,0.7017465265166662,similarity_search,"[{""l2"": ""CONSTRUCTION SERVICES"", ""l3"": ""ARCHITECTURE & INTERIOR DESIGN"", ""score"": 0.0, ""definition"": ""Architectural services for the company's buildings and property Interior design services for the company's office space""}, {""l2"": ""REAL ESTATE SERVICES"", ""l3"": ""PROPERTY MANAGEMENT"", ""score"": 0.0, ""definition"": ""Third party property management service""}, {""l2"": ""REAL ESTATE SERVICES"", ""l3"": ""REAL ESTATE SERVICES"", ""score"": 0.0, ""definition"": ""Professional services focused on purchasing, renting, or selling properties - usually services are outsourced to real estate agents""}]",Architectural services for the company's buildings and property Interior design services for the company's office space
(Corporate) Property,Real Estate,Construction Material (w/o services),CONSTRUCTION SERVICES,BUILDING CONSTRUCTION,0.5235874596625663,similarity_search,"[{""l2"": ""CONSTRUCTION SERVICES"", ""l3"": ""BUILDING CONSTRUCTION"", ""score"": 0.0, ""definition"": ""Building construction and repair services - does not include mechanical contractors, electricians, or plumbers""}, {""l2"": ""CORPORATE OFFICE"", ""l3"": ""SUNDRIES"", ""score"": 0.0, ""definition"": ""General goods purchased for office use""}, {""l2"": ""CORPORATE INSURANCE"", ""l3"": ""PROPERTY & CASUALTY INSURANCE"", ""score"": 0.0, ""definition"": ""Insurance protecting against loss of property, damage, or other liabilities""}]","Building construction and repair services - does not include mechanical contractors, electricians, or plumbers"
(Corporate) Property,Real Estate,Construction Works (300),CONSTRUCTION SERVICES,ARCHITECTURE & INTERIOR DESIGN,0.5064853723951961,similarity_search,"[{""l2"": ""CONSTRUCTION SERVICES"", ""l3"": ""ARCHITECTURE & INTERIOR DESIGN"", ""score"": 0.0, ""definition"": ""Architectural services for the company's buildings and property Interior design services for the company's office space""}, {""l2"": ""CORPORATE INSURANCE"", ""l3"": ""CORPORATE INSURANCE"", ""score"": 0.0, ""definition"": ""Property, liability and other insurance utilized by large organizations to protect against various financial and operational risks.""}, {""l2"": ""CONSTRUCTION SERVICES"", ""l3"": ""BUILDING CONSTRUCTION"", ""score"": 0.0, ""definition"": ""Building construction and repair services - does not include mechanical contractors, electricians, or plumbers""}]",Architectural services for the company's buildings and property Interior design services for the company's office space
(Corporate) Property,Real Estate,Infrastructure Appraisal/Inspections,BANKING SERVICES,APPRAISALS,0.5200973749160767,similarity_search,"[{""l2"": ""BANKING SERVICES"", ""l3"": ""APPRAISALS"", ""score"": 0.0, ""definition"": ""Companies through which mortgage lenders order real estate valuation services for properties on which they are considering extending loans""}, {""l2"": ""CORPORATE INSURANCE"", ""l3"": ""CORPORATE INSURANCE"", ""score"": 0.0, ""definition"": ""Property, liability and other insurance utilized by large organizations to protect against various financial and operational risks.""}, {""l2"": ""CORPORATE INSURANCE"", ""l3"": ""PROPERTY & CASUALTY INSURANCE"", ""score"": 0.0, ""definition"": ""Insurance protecting against loss of property, damage, or other liabilities""}]",Companies through which mortgage lenders order real estate valuation services for properties on which they are considering extending loans
(Corporate) Property,Real Estate,MEP Other Works,CONSTRUCTION SERVICES,MEP CONSTRUCTION SERVICES,0.5839204640246267,similarity_search,"[{""l2"": ""CONSTRUCTION SERVICES"", ""l3"": ""MEP CONSTRUCTION SERVICES"", ""score"": 0.0, ""definition"": ""MEP (Mechanical, Electrical, and Plumbing) construction services involve the design, installation, and maintenance of systems that provide building functionality and comfort. These include HVAC systems, power distribution, lighting, fire protection, water supply, and drainage. MEP contractors coordinate closely with architects and general contractors to ensure that all mechanical and electrical systems meet safety codes, efficiency standards, and sustainability goals. The service covers everything from initial planning and engineering to commissioning and ongoing maintenance, ensuring the building\u2019s operational integrity and occupant comfort.""}, {""l2"": ""CONSTRUCTION SERVICES"", ""l3"": ""ARCHITECTURE & INTERIOR DESIGN"", ""score"": 0.0, ""definition"": ""Architectural services for the company's buildings and property Interior design services for the company's office space""}, {""l2"": ""BUILDING REPAIR & MAINTENANCE"", ""l3"": ""BUILDING ENGINEERING SERVICES"", ""score"": 0.0, ""definition"": ""Engineering or hard services related to building installation, repair, and maintenance""}]","MEP (Mechanical, Electrical, and Plumbing) construction services involve the design, installation, and maintenance of systems that provide building functionality and comfort. These include HVAC systems, power distribution, lighting, fire protection, water supply, and drainage. MEP contractors coordinate closely with architects and general contractors to ensure that all mechanical and electrical systems meet safety codes, efficiency standards, and sustainability goals. The service covers everything from initial planning and engineering to commissioning and ongoing maintenance, ensuring the building’s operational integrity and occupant comfort."
(Corporate) Property,Real Estate,MEP Works Electric (440),CONSTRUCTION SERVICES,MEP CONSTRUCTION SERVICES,0.5710708924808956,similarity_search,"[{""l2"": ""CONSTRUCTION SERVICES"", ""l3"": ""MEP CONSTRUCTION SERVICES"", ""score"": 0.0, ""definition"": ""MEP (Mechanical, Electrical, and Plumbing) construction services involve the design, installation, and maintenance of systems that provide building functionality and comfort. These include HVAC systems, power distribution, lighting, fire protection, water supply, and drainage. MEP contractors coordinate closely with architects and general contractors to ensure that all mechanical and electrical systems meet safety codes, efficiency standards, and sustainability goals. The service covers everything from initial planning and engineering to commissioning and ongoing maintenance, ensuring the building\u2019s operational integrity and occupant comfort.""}, {""l2"": ""BUILDING REPAIR & MAINTENANCE"", ""l3"": ""ELECTRICAL SERVICES"", ""score"": 0.0, ""definition"": ""Electrical contractors and electricians""}, {""l2"": ""BUILDING REPAIR & MAINTENANCE"", ""l3"": ""BUILDING ENGINEERING SERVICES"", ""score"": 0.0, ""definition"": ""Engineering or hard services related to building installation, repair, and maintenance""}]","MEP (Mechanical, Electrical, and Plumbing) construction services involve the design, installation, and maintenance of systems that provide building functionality and comfort. These include HVAC systems, power distribution, lighting, fire protection, water supply, and drainage. MEP contractors coordinate closely with architects and general contractors to ensure that all mechanical and electrical systems meet safety codes, efficiency standards, and sustainability goals. The service covers everything from initial planning and engineering to commissioning and ongoing maintenance, ensuring the building’s operational integrity and occupant comfort."
(Corporate) Property,Real Estate,MEP Works HVAC ventilation (430),CONSTRUCTION SERVICES,MEP CONSTRUCTION SERVICES,0.5725643550662143,similarity_search,"[{""l2"": ""CONSTRUCTION SERVICES"", ""l3"": ""MEP CONSTRUCTION SERVICES"", ""score"": 0.0, ""definition"": ""MEP (Mechanical, Electrical, and Plumbing) construction services involve the design, installation, and maintenance of systems that provide building functionality and comfort. These include HVAC systems, power distribution, lighting, fire protection, water supply, and drainage. MEP contractors coordinate closely with architects and general contractors to ensure that all mechanical and electrical systems meet safety codes, efficiency standards, and sustainability goals. The service covers everything from initial planning and engineering to commissioning and ongoing maintenance, ensuring the building\u2019s operational integrity and occupant comfort.""}, {""l2"": ""BUILDING REPAIR & MAINTENANCE"", ""l3"": ""HVAC/R"", ""score"": 0.0, ""definition"": ""HVAC installation, repair and maintenance services""}, {""l2"": ""INDUSTRIAL SUPPLIES"", ""l3"": ""HVAC & PLUMBING SUPPLIES"", ""score"": 0.0, ""definition"": ""Materials associated with the installation and maintenance of HVAC and plumbing systems""}]","MEP (Mechanical, Electrical, and Plumbing) construction services involve the design, installation, and maintenance of systems that provide building functionality and comfort. These include HVAC systems, power distribution, lighting, fire protection, water supply, and drainage. MEP contractors coordinate closely with architects and general contractors to ensure that all mechanical and electrical systems meet safety codes, efficiency standards, and sustainability goals. The service covers everything from initial planning and engineering to commissioning and ongoing maintenance, ensuring the building’s operational integrity and occupant comfort."
(Corporate) Property,Real Estate,MEP Works Sprinkler (470),BUILDING REPAIR & MAINTENANCE,FIRE & LIFE SAFETY,0.5605100321161868,similarity_search,"[{""l2"": ""BUILDING REPAIR & MAINTENANCE"", ""l3"": ""FIRE & LIFE SAFETY"", ""score"": 0.0, ""definition"": ""Fire suppression and sprinkler system installation, repair, and maintenance""}, {""l2"": ""CONSTRUCTION SERVICES"", ""l3"": ""MEP CONSTRUCTION SERVICES"", ""score"": 0.0, ""definition"": ""MEP (Mechanical, Electrical, and Plumbing) construction services involve the design, installation, and maintenance of systems that provide building functionality and comfort. These include HVAC systems, power distribution, lighting, fire protection, water supply, and drainage. MEP contractors coordinate closely with architects and general contractors to ensure that all mechanical and electrical systems meet safety codes, efficiency standards, and sustainability goals. The service covers everything from initial planning and engineering to commissioning and ongoing maintenance, ensuring the building\u2019s operational integrity and occupant comfort.""}, {""l2"": ""BUILDING REPAIR & MAINTENANCE"", ""l3"": ""BUILDING ENGINEERING SERVICES"", ""score"": 0.0, ""definition"": ""Engineering or hard services related to building installation, repair, and maintenance""}]","Fire suppression and sprinkler system installation, repair, and maintenance"
(Corporate) Property,Rent (incl. auxiliary expenses),Event Location rent,FACILITY SERVICES,FACILITY / PROPERTY RENT,0.6070988359182794,similarity_search,"[{""l2"": ""FACILITY SERVICES"", ""l3"": ""FACILITY / PROPERTY RENT"", ""score"": 0.0, ""definition"": ""Facility and property lease and rental payments""}, {""l2"": ""EVENTS & CONFERENCES"", ""l3"": ""EVENT SPACE & RENTALS"", ""score"": 0.0, ""definition"": ""Working with companies that rent and sell various furniture, equipment, and d\u00e9cor required for the execution of an event. This may also include the renting of space at a hotel, banquet hall, or other location for the purpose of hosting an event.""}, {""l2"": ""CORPORATE OFFICE"", ""l3"": ""MEETING / COWORKING SPACES"", ""score"": 0.0, ""definition"": ""Temporary office space for short term rent/coworking""}]",Facility and property lease and rental payments
(Corporate) Property,Rent (incl. auxiliary expenses),Office Rent,FACILITY SERVICES,FACILITY / PROPERTY RENT,0.6346957494409297,similarity_search,"[{""l2"": ""FACILITY SERVICES"", ""l3"": ""FACILITY / PROPERTY RENT"", ""score"": 0.0, ""definition"": ""Facility and property lease and rental payments""}, {""l2"": ""CORPORATE OFFICE"", ""l3"": ""MEETING / COWORKING SPACES"", ""score"": 0.0, ""definition"": ""Temporary office space for short term rent/coworking""}, {""l2"": ""CORPORATE OFFICE"", ""l3"": ""POSTAGE & POSTAGE EQUIPMENT"", ""score"": 0.0, ""definition"": ""Postage and/or lease/rental of postage machines""}]",Facility and property lease and rental payments
(Corporate) Property,Rent (incl. auxiliary expenses),Other Rent,FACILITY SERVICES,FACILITY / PROPERTY RENT,0.6483966128471775,similarity_search,"[{""l2"": ""FACILITY SERVICES"", ""l3"": ""FACILITY / PROPERTY RENT"", ""score"": 0.0, ""definition"": ""Facility and property lease and rental payments""}, {""l2"": ""CORPORATE OFFICE"", ""l3"": ""POSTAGE & POSTAGE EQUIPMENT"", ""score"": 0.0, ""definition"": ""Postage and/or lease/rental of postage machines""}, {""l2"": ""REAL ESTATE SERVICES"", ""l3"": ""LEASE ADMINISTRATION"", ""score"": 0.0, ""definition"": ""Leasing / rental administration service""}]",Facility and property lease and rental payments
(Corporate) Property,Rent (incl. auxiliary expenses),Residential Rent,FACILITY SERVICES,FACILITY / PROPERTY RENT,0.634848023228676,similarity_search,"[{""l2"": ""FACILITY SERVICES"", ""l3"": ""FACILITY / PROPERTY RENT"", ""score"": 0.0, ""definition"": ""Facility and property lease and rental payments""}, {""l2"": ""REAL ESTATE SERVICES"", ""l3"": ""LEASE ADMINISTRATION"", ""score"": 0.0, ""definition"": ""Leasing / rental administration service""}, {""l2"": ""TRAVEL EXPENSES"", ""l3"": ""CORPORATE HOUSING"", ""score"": 0.0, ""definition"": ""Short term housing service sponsored by the company.""}]",Facility and property lease and rental payments
(Corporate) Property,Rent (incl. auxiliary expenses),Shop/Outlet/Showroom Rent,FACILITY SERVICES,FACILITY / PROPERTY RENT,0.5757982911582697,similarity_search,"[{""l2"": ""FACILITY SERVICES"", ""l3"": ""FACILITY / PROPERTY RENT"", ""score"": 0.0, ""definition"": ""Facility and property lease and rental payments""}, {""l2"": ""CORPORATE OFFICE"", ""l3"": ""MEETING / COWORKING SPACES"", ""score"": 0.0, ""definition"": ""Temporary office space for short term rent/coworking""}, {""l2"": ""CORPORATE OFFICE"", ""l3"": ""POSTAGE & POSTAGE EQUIPMENT"", ""score"": 0.0, ""definition"": ""Postage and/or lease/rental of postage machines""}]",Facility and property lease and rental payments
(Corporate) Property,Rent (incl. auxiliary expenses),Warehouse Rent,FACILITY SERVICES,FACILITY / PROPERTY RENT,0.6205225545635148,similarity_search,"[{""l2"": ""FACILITY SERVICES"", ""l3"": ""FACILITY / PROPERTY RENT"", ""score"": 0.0, ""definition"": ""Facility and property lease and rental payments""}, {""l2"": ""CORPORATE OFFICE"", ""l3"": ""POSTAGE & POSTAGE EQUIPMENT"", ""score"": 0.0, ""definition"": ""Postage and/or lease/rental of postage machines""}, {""l2"": ""CORPORATE OFFICE"", ""l3"": ""MEETING / COWORKING SPACES"", ""score"": 0.0, ""definition"": ""Temporary office space for short term rent/coworking""}]",Facility and property lease and rental payments
(Corporate) Property,Utilities,Electricity,UTILITIES,ELECTRICITY,0.775698386898589,similarity_search,"[{""l2"": ""UTILITIES"", ""l3"": ""ELECTRICITY"", ""score"": 0.0, ""definition"": ""Electricity service""}, {""l2"": ""UTILITIES"", ""l3"": ""WATER & SEWER"", ""score"": 0.0, ""definition"": ""Water and sewer utilities.""}, {""l2"": ""UTILITIES"", ""l3"": ""UTILITIES MANAGEMENT SERVICES"", ""score"": 0.0, ""definition"": ""Utility consulting services, including utility bill payment, processing, bill audit and energy procurement""}]",Electricity service
(Corporate) Property,Utilities,Gas,UTILITIES,NATURAL GAS,0.720495853364967,similarity_search,"[{""l2"": ""UTILITIES"", ""l3"": ""NATURAL GAS"", ""score"": 0.0, ""definition"": ""Natural gas service""}, {""l2"": ""UTILITIES"", ""l3"": ""WATER & SEWER"", ""score"": 0.0, ""definition"": ""Water and sewer utilities.""}, {""l2"": ""UTILITIES"", ""l3"": ""ELECTRICITY"", ""score"": 0.0, ""definition"": ""Electricity service""}]",Natural gas service
(Corporate) Property,Utilities,Other Utility Expenses,UTILITIES,WATER & SEWER,0.604227411243032,similarity_search,"[{""l2"": ""UTILITIES"", ""l3"": ""WATER & SEWER"", ""score"": 0.0, ""definition"": ""Water and sewer utilities.""}, {""l2"": ""UTILITIES"", ""l3"": ""UTILITIES MANAGEMENT SERVICES"", ""score"": 0.0, ""definition"": ""Utility consulting services, including utility bill payment, processing, bill audit and energy procurement""}, {""l2"": ""UTILITIES"", ""l3"": ""ELECTRICITY"", ""score"": 0.0, ""definition"": ""Electricity service""}]",Water and sewer utilities.
(Corporate) Property,Utilities,Regulatory waste/recycling fees,WASTE DISPOSAL & RECYCLING,WASTE DISPOSAL & RECYCLING,0.5829672987153324,similarity_search,"[{""l2"": ""WASTE DISPOSAL & RECYCLING"", ""l3"": ""WASTE DISPOSAL & RECYCLING"", ""score"": 0.0, ""definition"": ""General waste disposal services""}, {""l2"": ""WASTE DISPOSAL & RECYCLING"", ""l3"": ""RECYCLING SERVICES"", ""score"": 0.0, ""definition"": ""Recycling services""}, {""l2"": ""UTILITIES"", ""l3"": ""WATER & SEWER"", ""score"": 0.0, ""definition"": ""Water and sewer utilities.""}]",General waste disposal services
(Corporate) Property,Utilities,Waste disposal/recycling,WASTE DISPOSAL & RECYCLING,WASTE DISPOSAL & RECYCLING,0.6728029451609538,similarity_search,"[{""l2"": ""WASTE DISPOSAL & RECYCLING"", ""l3"": ""WASTE DISPOSAL & RECYCLING"", ""score"": 0.0, ""definition"": ""General waste disposal services""}, {""l2"": ""WASTE DISPOSAL & RECYCLING"", ""l3"": ""RECYCLING SERVICES"", ""score"": 0.0, ""definition"": ""Recycling services""}, {""l2"": ""WASTE DISPOSAL & RECYCLING"", ""l3"": ""BULK WASTE PICKUP"", ""score"": 0.0, ""definition"": ""Bulk waste collection service""}]",General waste disposal services
Employee Services,Building furnishing,Office Furniture,FACILITY SERVICES,OFFICE FURNITURE,0.7135227705978677,similarity_search,"[{""l2"": ""FACILITY SERVICES"", ""l3"": ""OFFICE FURNITURE"", ""score"": 0.0, ""definition"": ""Desks, chairs, cubicles, artwork, d\u00e9cor""}, {""l2"": ""CORPORATE OFFICE"", ""l3"": ""SUNDRIES"", ""score"": 0.0, ""definition"": ""General goods purchased for office use""}, {""l2"": ""CONSTRUCTION SERVICES"", ""l3"": ""ARCHITECTURE & INTERIOR DESIGN"", ""score"": 0.0, ""definition"": ""Architectural services for the company's buildings and property Interior design services for the company's office space""}]","Desks, chairs, cubicles, artwork, décor"
Employee Services,Building furnishing,Other Building Furnishing,FACILITY SERVICES,OFFICE FURNITURE,0.6258545554410389,similarity_search,"[{""l2"": ""FACILITY SERVICES"", ""l3"": ""OFFICE FURNITURE"", ""score"": 0.0, ""definition"": ""Desks, chairs, cubicles, artwork, d\u00e9cor""}, {""l2"": ""CONSTRUCTION SERVICES"", ""l3"": ""ARCHITECTURE & INTERIOR DESIGN"", ""score"": 0.0, ""definition"": ""Architectural services for the company's buildings and property Interior design services for the company's office space""}, {""l2"": ""BUILDING REPAIR & MAINTENANCE"", ""l3"": ""BUILDING REPAIR & MAINTENANCE"", ""score"": 0.0, ""definition"": ""Repair and maintenance services""}]","Desks, chairs, cubicles, artwork, décor"
Employee Services,Business Travel & Fleet Management,"Local Transport (Taxi, public transport, shuttle)",GROUND TRANSPORTATION,TAXI / RIDESHARE,0.6653846699457967,similarity_search,"[{""l2"": ""GROUND TRANSPORTATION"", ""l3"": ""TAXI / RIDESHARE"", ""score"": 0.0, ""definition"": ""Ride share services used for business travel""}, {""l2"": ""GROUND TRANSPORTATION"", ""l3"": ""CAR SERVICE"", ""score"": 0.0, ""definition"": ""Car share services for business travel""}, {""l2"": ""GROUND TRANSPORTATION"", ""l3"": ""AUTO RENTAL"", ""score"": 0.0, ""definition"": ""Car rental for business travel""}]",Ride share services used for business travel
Employee Services,Business Travel & Fleet Management,Other Fleetmanagement,FLEET SERVICES,FLEET MANAGEMENT & LEASING,0.6001992881119954,similarity_search,"[{""l2"": ""FLEET SERVICES"", ""l3"": ""FLEET MANAGEMENT & LEASING"", ""score"": 0.0, ""definition"": ""Fleet Management Companies (FMCs) that are/can be responsible for the complete lifecycle of a company's fleet of vehicles""}, {""l2"": ""TRAVEL MANAGEMENT"", ""l3"": ""TRAVEL MANAGEMENT"", ""score"": 0.0, ""definition"": ""External travel agency and/or booking tool used to manage travel needs""}, {""l2"": ""FLEET SERVICES"", ""l3"": ""TELEMATICS & GPS TRACKING"", ""score"": 0.0, ""definition"": ""Telematics and GPS technology for fleet vehicles""}]",Fleet Management Companies (FMCs) that are/can be responsible for the complete lifecycle of a company's fleet of vehicles
Employee Services,Business Travel & Fleet Management,Rental cars,GROUND TRANSPORTATION,AUTO RENTAL,0.7095277386059307,similarity_search,"[{""l2"": ""GROUND TRANSPORTATION"", ""l3"": ""AUTO RENTAL"", ""score"": 0.0, ""definition"": ""Car rental for business travel""}, {""l2"": ""GROUND TRANSPORTATION"", ""l3"": ""CAR SERVICE"", ""score"": 0.0, ""definition"": ""Car share services for business travel""}, {""l2"": ""TRAVEL MANAGEMENT"", ""l3"": ""TRAVEL MANAGEMENT"", ""score"": 0.0, ""definition"": ""External travel agency and/or booking tool used to manage travel needs""}]",Car rental for business travel
Employee Services,Business Travel & Fleet Management,Travel agencies and systems,TRAVEL MANAGEMENT,TRAVEL MANAGEMENT,0.7112313508987427,similarity_search,"[{""l2"": ""TRAVEL MANAGEMENT"", ""l3"": ""TRAVEL MANAGEMENT"", ""score"": 0.0, ""definition"": ""External travel agency and/or booking tool used to manage travel needs""}, {""l2"": ""TRAVEL EXPENSES"", ""l3"": ""MEALS & ENTERTAINMENT"", ""score"": 0.0, ""definition"": ""Meals, snacks, restaurants and entertainment for employees and any business guests""}, {""l2"": ""TRAVEL MANAGEMENT"", ""l3"": ""TRAVEL CARD"", ""score"": 0.0, ""definition"": ""Travel credit card payments and reimbursements""}]",External travel agency and/or booking tool used to manage travel needs
Employee Services,Business Travel & Fleet Management,Vehicle leasing,FLEET SERVICES,VEHICLE LEASING / PURCHASE,0.6631930072067158,similarity_search,"[{""l2"": ""FLEET SERVICES"", ""l3"": ""VEHICLE LEASING / PURCHASE"", ""score"": 0.0, ""definition"": ""Fleet vehicle financing through banks""}, {""l2"": ""FLEET SERVICES"", ""l3"": ""FLEET MANAGEMENT & LEASING"", ""score"": 0.0, ""definition"": ""Fleet Management Companies (FMCs) that are/can be responsible for the complete lifecycle of a company's fleet of vehicles""}, {""l2"": ""GROUND TRANSPORTATION"", ""l3"": ""AUTO RENTAL"", ""score"": 0.0, ""definition"": ""Car rental for business travel""}]",Fleet vehicle financing through banks
Employee Services,Food & Drinks,Food & Drink Consumables,IN-STORE SUPPLIES,STORE SUPPLIES,0.5978348611494911,similarity_search,"[{""l2"": ""IN-STORE SUPPLIES"", ""l3"": ""STORE SUPPLIES"", ""score"": 0.0, ""definition"": ""Store supplies & consumables""}, {""l2"": ""FOOD SERVICES"", ""l3"": ""BREAKROOM SERVICES"", ""score"": 0.0, ""definition"": ""Food service management services specific to coffee and break room services, not cafeteria""}, {""l2"": ""FOOD SERVICES"", ""l3"": ""FOOD SERVICES"", ""score"": 0.0, ""definition"": ""Food service management services focused on corporate cafeterias or in office catering""}]",Store supplies & consumables
Employee Services,Food & Drinks,Food & Drink Equipment,BUILDING REPAIR & MAINTENANCE,KITCHEN EQUIPMENT,0.6638946533203314,similarity_search,"[{""l2"": ""BUILDING REPAIR & MAINTENANCE"", ""l3"": ""KITCHEN EQUIPMENT"", ""score"": 0.0, ""definition"": ""Kitchen equipment services""}, {""l2"": ""FOOD SERVICES"", ""l3"": ""BREAKROOM SERVICES"", ""score"": 0.0, ""definition"": ""Food service management services specific to coffee and break room services, not cafeteria""}, {""l2"": ""FOOD SERVICES"", ""l3"": ""VENDING"", ""score"": 0.0, ""definition"": ""Vending Services and supplies for new vending or repairs""}]",Kitchen equipment services
Employee Services,Health & Safety,Health & Safety Equipment,INSURANCE & BENEFITS,INSURANCE & BENEFITS,0.5501446276472216,similarity_search,"[{""l2"": ""INSURANCE & BENEFITS"", ""l3"": ""INSURANCE & BENEFITS"", ""score"": 0.0, ""definition"": ""General employee insurance & benefits services""}, {""l2"": ""HR SERVICES"", ""l3"": ""EMPLOYER COMPLIANCE SERVICES"", ""score"": 0.0, ""definition"": ""Services focused on providing labor law postings, safety notices, anti harassment, and other collateral""}, {""l2"": ""INDUSTRIAL SUPPLIES"", ""l3"": ""SAFETY SUPPLIES"", ""score"": 0.0, ""definition"": ""Personal Protection Equipment (PPE) such as gloves, glasses, ear protection, Tyvek suits, cut and flame protection, shoes""}]",General employee insurance & benefits services
Employee Services,Health & Safety,Health & Safety Services,INSURANCE & BENEFITS,INSURANCE & BENEFITS,0.6344091571786209,similarity_search,"[{""l2"": ""INSURANCE & BENEFITS"", ""l3"": ""INSURANCE & BENEFITS"", ""score"": 0.0, ""definition"": ""General employee insurance & benefits services""}, {""l2"": ""HR SERVICES"", ""l3"": ""EMPLOYER COMPLIANCE SERVICES"", ""score"": 0.0, ""definition"": ""Services focused on providing labor law postings, safety notices, anti harassment, and other collateral""}, {""l2"": ""INSURANCE & BENEFITS"", ""l3"": ""HEALTH & WELLNESS"", ""score"": 0.0, ""definition"": ""Health and Wellness services providers""}]",General employee insurance & benefits services
Employee Services,Health & Safety,Workwear & PPE,INDUSTRIAL SUPPLIES,SAFETY SUPPLIES,0.5802567696877484,similarity_search,"[{""l2"": ""INDUSTRIAL SUPPLIES"", ""l3"": ""SAFETY SUPPLIES"", ""score"": 0.0, ""definition"": ""Personal Protection Equipment (PPE) such as gloves, glasses, ear protection, Tyvek suits, cut and flame protection, shoes""}, {""l2"": ""INSURANCE & BENEFITS"", ""l3"": ""INSURANCE & BENEFITS"", ""score"": 0.0, ""definition"": ""General employee insurance & benefits services""}, {""l2"": ""HR SERVICES"", ""l3"": ""EMPLOYER COMPLIANCE SERVICES"", ""score"": 0.0, ""definition"": ""Services focused on providing labor law postings, safety notices, anti harassment, and other collateral""}]","Personal Protection Equipment (PPE) such as gloves, glasses, ear protection, Tyvek suits, cut and flame protection, shoes"
Employee Services,Industrial Consumables,C Parts,INDUSTRIAL SUPPLIES,OEM PARTS / SPARES,0.5750345155535025,similarity_search,"[{""l2"": ""INDUSTRIAL SUPPLIES"", ""l3"": ""OEM PARTS / SPARES"", ""score"": 0.0, ""definition"": ""Parts that are very specific to a production piece of equipment""}, {""l2"": ""INDUSTRIAL SUPPLIES"", ""l3"": ""GENERAL INDUSTRIAL SUPPLIES"", ""score"": 0.0, ""definition"": ""Safety supplies, hand tools, power tools, janitorial and sanitation supplies, material handling,""}, {""l2"": ""IN-STORE SUPPLIES"", ""l3"": ""STORE SUPPLIES"", ""score"": 0.0, ""definition"": ""Store supplies & consumables""}]",Parts that are very specific to a production piece of equipment
Employee Services,Industrial Consumables,Tools,INDUSTRIAL SUPPLIES,GENERAL INDUSTRIAL SUPPLIES,0.6584419012069749,similarity_search,"[{""l2"": ""INDUSTRIAL SUPPLIES"", ""l3"": ""GENERAL INDUSTRIAL SUPPLIES"", ""score"": 0.0, ""definition"": ""Safety supplies, hand tools, power tools, janitorial and sanitation supplies, material handling,""}, {""l2"": ""INDUSTRIAL SUPPLIES"", ""l3"": ""CUTTING TOOLS & ABRASIVES"", ""score"": 0.0, ""definition"": ""Cutting Tools - turning, milling, hole making, threading, tooling systems. Abrasives - Coated Belts, Segments, Super Abrasive Wheels, Grinding Wheels, Rubber Regulated Wheels, Honing Stones, Dressing Tools and Wheels""}, {""l2"": ""IN-STORE SUPPLIES"", ""l3"": ""STORE SUPPLIES"", ""score"": 0.0, ""definition"": ""Store supplies & consumables""}]","Safety supplies, hand tools, power tools, janitorial and sanitation supplies, material handling,"
Employee Services,Learning & Development services,Coaching,TRAINING & DEVELOPMENT,TRAINING & DEVELOPMENT,0.5227277902040268,similarity_search,"[{""l2"": ""TRAINING & DEVELOPMENT"", ""l3"": ""TRAINING & DEVELOPMENT"", ""score"": 0.0, ""definition"": ""Designing training programs and platforms (live classroom training, web-based training, video training, and others) for a variety of client needs""}, {""l2"": ""SOFTWARE"", ""l3"": ""LMS & TRAINING SOLUTIONS"", ""score"": 0.0, ""definition"": ""Learning Management Systems (LMS) and training solutions enable organizations to deliver, track, and manage educational programs and employee development. They support e-learning, certifications, and performance analytics. Modern LMS platforms offer mobile access, personalization, and integration with HR systems. These solutions enhance workforce skills, compliance readiness, and engagement through structured and scalable learning experiences.""}, {""l2"": ""HR SERVICES"", ""l3"": ""EMPLOYEE RECOGNITION"", ""score"": 0.0, ""definition"": ""Administering employee recognition programs which can include:  Anniversary/service awards and Employee incentives""}]","Designing training programs and platforms (live classroom training, web-based training, video training, and others) for a variety of client needs"
Employee Services,Learning & Development services,Training,TRAINING & DEVELOPMENT,TRAINING & DEVELOPMENT,0.6595732962830945,similarity_search,"[{""l2"": ""TRAINING & DEVELOPMENT"", ""l3"": ""TRAINING & DEVELOPMENT"", ""score"": 0.0, ""definition"": ""Designing training programs and platforms (live classroom training, web-based training, video training, and others) for a variety of client needs""}, {""l2"": ""SOFTWARE"", ""l3"": ""LMS & TRAINING SOLUTIONS"", ""score"": 0.0, ""definition"": ""Learning Management Systems (LMS) and training solutions enable organizations to deliver, track, and manage educational programs and employee development. They support e-learning, certifications, and performance analytics. Modern LMS platforms offer mobile access, personalization, and integration with HR systems. These solutions enhance workforce skills, compliance readiness, and engagement through structured and scalable learning experiences.""}, {""l2"": ""HR SERVICES"", ""l3"": ""EMPLOYEE RECOGNITION"", ""score"": 0.0, ""definition"": ""Administering employee recognition programs which can include:  Anniversary/service awards and Employee incentives""}]","Designing training programs and platforms (live classroom training, web-based training, video training, and others) for a variety of client needs"
Employee Services,Office supplies,Other office supplies,CORPORATE OFFICE,SUNDRIES,0.6742361991687106,similarity_search,"[{""l2"": ""CORPORATE OFFICE"", ""l3"": ""SUNDRIES"", ""score"": 0.0, ""definition"": ""General goods purchased for office use""}, {""l2"": ""CORPORATE OFFICE"", ""l3"": ""OFFICE SUPPLIES"", ""score"": 0.0, ""definition"": ""General office supplies including paper, toner, pens, staplers, paper clips, binders, whiteboards, etc.""}, {""l2"": ""IN-STORE SUPPLIES"", ""l3"": ""STORE SUPPLIES"", ""score"": 0.0, ""definition"": ""Store supplies & consumables""}]",General goods purchased for office use
Employee Services,Office supplies,Postage,CORPORATE OFFICE,POSTAGE & POSTAGE EQUIPMENT,0.6888157149090882,similarity_search,"[{""l2"": ""CORPORATE OFFICE"", ""l3"": ""POSTAGE & POSTAGE EQUIPMENT"", ""score"": 0.0, ""definition"": ""Postage and/or lease/rental of postage machines""}, {""l2"": ""FACILITY SERVICES"", ""l3"": ""PRINT / MAILROOM MANAGEMENT"", ""score"": 0.0, ""definition"": ""Outsourced mailroom and/or print management services""}, {""l2"": ""CORPORATE OFFICE"", ""l3"": ""SUNDRIES"", ""score"": 0.0, ""definition"": ""General goods purchased for office use""}]",Postage and/or lease/rental of postage machines
Employee Services,Office supplies,Stationery,IN-STORE SUPPLIES,STORE SUPPLIES,0.6587743352382629,similarity_search,"[{""l2"": ""IN-STORE SUPPLIES"", ""l3"": ""STORE SUPPLIES"", ""score"": 0.0, ""definition"": ""Store supplies & consumables""}, {""l2"": ""CORPORATE OFFICE"", ""l3"": ""OFFICE SUPPLIES"", ""score"": 0.0, ""definition"": ""General office supplies including paper, toner, pens, staplers, paper clips, binders, whiteboards, etc.""}, {""l2"": ""CORPORATE OFFICE"", ""l3"": ""SUNDRIES"", ""score"": 0.0, ""definition"": ""General goods purchased for office use""}]",Store supplies & consumables
IT Hardware,IT Hardware & Infrastructure Goods,"Computers, screens, phones, media equipment",IT HARDWARE / INFRASTRUCTURE,PERIPHERALS,0.6264718174934432,similarity_search,"[{""l2"": ""IT HARDWARE / INFRASTRUCTURE"", ""l3"": ""PERIPHERALS"", ""score"": 0.0, ""definition"": ""Devices that connect to a computer system to add functionality, eg mouse, keyboard, docks, monitors""}, {""l2"": ""IT HARDWARE / INFRASTRUCTURE"", ""l3"": ""HARDWARE COMPONENTS"", ""score"": 0.0, ""definition"": ""Physical computing infrastructure including servers, processors, storage devices, and networking equipment.""}, {""l2"": ""IT HARDWARE / INFRASTRUCTURE"", ""l3"": ""END USER DEVICES"", ""score"": 0.0, ""definition"": ""Personal computers (laptops and desktops/workstations), servers (devices dedicated to many resources); While PCs and Servers have different functions, the OEM market overlaps significantly and can be procured together for additional leverage""}]","Devices that connect to a computer system to add functionality, eg mouse, keyboard, docks, monitors"
IT Hardware,IT Hardware & Infrastructure Goods,IT supplies,IT HARDWARE / INFRASTRUCTURE,HARDWARE COMPONENTS,0.6265160886626182,similarity_search,"[{""l2"": ""IT HARDWARE / INFRASTRUCTURE"", ""l3"": ""HARDWARE COMPONENTS"", ""score"": 0.0, ""definition"": ""Physical computing infrastructure including servers, processors, storage devices, and networking equipment.""}, {""l2"": ""IT SERVICES"", ""l3"": ""IT INFRASTRUCTURE SERVICES"", ""score"": 0.0, ""definition"": ""IT services focused on support and maintaining hardware infrastructure, through engineering, design, and on-going support""}, {""l2"": ""IT HARDWARE / INFRASTRUCTURE"", ""l3"": ""PERIPHERALS"", ""score"": 0.0, ""definition"": ""Devices that connect to a computer system to add functionality, eg mouse, keyboard, docks, monitors""}]","Physical computing infrastructure including servers, processors, storage devices, and networking equipment."
IT Hardware,IT Hardware & Infrastructure Goods,"Printers, copiers, scanners and consumables",IT HARDWARE / INFRASTRUCTURE,OFFICE EQUIPMENT,0.6945691340648096,similarity_search,"[{""l2"": ""IT HARDWARE / INFRASTRUCTURE"", ""l3"": ""OFFICE EQUIPMENT"", ""score"": 0.0, ""definition"": ""Multifunction peripherals (MFP) or multifunction devices (MFD) with functionalities and capabilities, including printing, copying and scanning""}, {""l2"": ""IT HARDWARE / INFRASTRUCTURE"", ""l3"": ""BARCODE PRINTERS & SCANNERS"", ""score"": 0.0, ""definition"": ""Hardware consisting primarily of mobile computers, printers, handheld scanners used to automate data collection Can be handheld, RFID readers, mounted to distribution center equipment, etc""}, {""l2"": ""IT HARDWARE / INFRASTRUCTURE"", ""l3"": ""PERIPHERALS"", ""score"": 0.0, ""definition"": ""Devices that connect to a computer system to add functionality, eg mouse, keyboard, docks, monitors""}]","Multifunction peripherals (MFP) or multifunction devices (MFD) with functionalities and capabilities, including printing, copying and scanning"
IT Hardware,IT Hardware & Infrastructure Goods,"Servers, storages, network components",IT HARDWARE / INFRASTRUCTURE,HARDWARE COMPONENTS,0.689829941422355,similarity_search,"[{""l2"": ""IT HARDWARE / INFRASTRUCTURE"", ""l3"": ""HARDWARE COMPONENTS"", ""score"": 0.0, ""definition"": ""Physical computing infrastructure including servers, processors, storage devices, and networking equipment.""}, {""l2"": ""IT HARDWARE / INFRASTRUCTURE"", ""l3"": ""RACKS, WIRING & CABLES"", ""score"": 0.0, ""definition"": ""Electrical components for connecting and wiring data centers, offices, and other sites Includes server racks, cat5 and cat6 cables, and in some cases the labor to install""}, {""l2"": ""IT HARDWARE / INFRASTRUCTURE"", ""l3"": ""COMPUTE & STORAGE HARDWARE"", ""score"": 0.0, ""definition"": ""Hardware with capacity to store large amounts of data in a centralized repository for business, super computers for bulk data processing, and/or hardware to provide functionality for other programs or devices""}]","Physical computing infrastructure including servers, processors, storage devices, and networking equipment."
IT Hardware,IT Hardware & Infrastructure Services,Data Centre / Colocation Services,IT SERVICES,DATA CENTER & COLOCATION,0.7045085782398538,similarity_search,"[{""l2"": ""IT SERVICES"", ""l3"": ""DATA CENTER & COLOCATION"", ""score"": 0.0, ""definition"": ""A colocation center or \""carrier hotel\"", is a type of data center where equipment, space, and bandwidth are available for rental to customers This category also includes outsourced management of data centers""}, {""l2"": ""IT SERVICES"", ""l3"": ""IT INFRASTRUCTURE SERVICES"", ""score"": 0.0, ""definition"": ""IT services focused on support and maintaining hardware infrastructure, through engineering, design, and on-going support""}, {""l2"": ""IT HARDWARE / INFRASTRUCTURE"", ""l3"": ""HARDWARE COMPONENTS"", ""score"": 0.0, ""definition"": ""Physical computing infrastructure including servers, processors, storage devices, and networking equipment.""}]","A colocation center or ""carrier hotel"", is a type of data center where equipment, space, and bandwidth are available for rental to customers This category also includes outsourced management of data centers"
IT Hardware,IT Hardware & Infrastructure Services,Device as a Service (DaaS),IT SERVICES,IT INFRASTRUCTURE SERVICES,0.5721586007116143,similarity_search,"[{""l2"": ""IT SERVICES"", ""l3"": ""IT INFRASTRUCTURE SERVICES"", ""score"": 0.0, ""definition"": ""IT services focused on support and maintaining hardware infrastructure, through engineering, design, and on-going support""}, {""l2"": ""IT HARDWARE / INFRASTRUCTURE"", ""l3"": ""HARDWARE COMPONENTS"", ""score"": 0.0, ""definition"": ""Physical computing infrastructure including servers, processors, storage devices, and networking equipment.""}, {""l2"": ""IT SERVICES"", ""l3"": ""DISASTER RECOVERY"", ""score"": 0.0, ""definition"": ""Disaster recovery is a cloud computing and backup service model that uses cloud resources to protect applications and data from disruption caused by disaster""}]","IT services focused on support and maintaining hardware infrastructure, through engineering, design, and on-going support"
IT Hardware,IT Hardware & Infrastructure Services,"IT Hardware Maintenance, services and repairs",IT SERVICES,IT INFRASTRUCTURE SERVICES,0.7491288332573487,similarity_search,"[{""l2"": ""IT SERVICES"", ""l3"": ""IT INFRASTRUCTURE SERVICES"", ""score"": 0.0, ""definition"": ""IT services focused on support and maintaining hardware infrastructure, through engineering, design, and on-going support""}, {""l2"": ""BUILDING REPAIR & MAINTENANCE"", ""l3"": ""BUILDING REPAIR & MAINTENANCE"", ""score"": 0.0, ""definition"": ""Repair and maintenance services""}, {""l2"": ""IT SERVICES"", ""l3"": ""THIRD PARTY MAINTENANCE"", ""score"": 0.0, ""definition"": ""3rd party maintenance is non-OEM maintenance providers who provide activities such as applying patches, updating anti-virus and ensuring anti-virus is working, monitoring performance, and monitoring activity based on IT policies""}]","IT services focused on support and maintaining hardware infrastructure, through engineering, design, and on-going support"
IT Hardware,IT Hardware & Infrastructure Services,Platform / Infrastructure as a Service (PaaS / IaaS),IT SERVICES,IT INFRASTRUCTURE SERVICES,0.6073884601957621,similarity_search,"[{""l2"": ""IT SERVICES"", ""l3"": ""IT INFRASTRUCTURE SERVICES"", ""score"": 0.0, ""definition"": ""IT services focused on support and maintaining hardware infrastructure, through engineering, design, and on-going support""}, {""l2"": ""IT HARDWARE / INFRASTRUCTURE"", ""l3"": ""HARDWARE COMPONENTS"", ""score"": 0.0, ""definition"": ""Physical computing infrastructure including servers, processors, storage devices, and networking equipment.""}, {""l2"": ""IT SERVICES"", ""l3"": ""CLOUD SERVICES"", ""score"": 0.0, ""definition"": ""Cloud services encompasses any provider that is hosting and managing information in the cloud (either private or public cloud) Providers may also be brokering the cloud hosting relationship (ie Rackspace)""}]","IT services focused on support and maintaining hardware infrastructure, through engineering, design, and on-going support"
IT Hardware,"Telephony, Data Lines & Communication Services",Data lines,TELECOM,TELECOM & CONTACT INFRASTRUCTURE,0.5792245174378773,similarity_search,"[{""l2"": ""TELECOM"", ""l3"": ""TELECOM & CONTACT INFRASTRUCTURE"", ""score"": 0.0, ""definition"": ""Includes base stations, PBX equipment for contact centers and even IP telephony and other contact center / collaboration infrastructure""}, {""l2"": ""TELECOM"", ""l3"": ""NETWORK INFRASTRUCTURE"", ""score"": 0.0, ""definition"": ""Hardware resources of an entire network that enables network connectivity, communication, operations and management Includes wireless access points, routers, firewalls, switches, etc""}, {""l2"": ""TELECOM"", ""l3"": ""VOICE & DATA SERVICES"", ""score"": 0.0, ""definition"": ""Internet access and the data transmission technologies: dial-up, DSL, cable modem, or dedicated high-speed interconnects. Also includes communication methods such as internet email accounts, voice and streaming television services. The services and service combinations may be unique to each service provider (aka - ISP).""}]","Includes base stations, PBX equipment for contact centers and even IP telephony and other contact center / collaboration infrastructure"
IT Hardware,"Telephony, Data Lines & Communication Services",Landline telephony,TELECOM,TELECOM & CONTACT INFRASTRUCTURE,0.5861508424923078,similarity_search,"[{""l2"": ""TELECOM"", ""l3"": ""TELECOM & CONTACT INFRASTRUCTURE"", ""score"": 0.0, ""definition"": ""Includes base stations, PBX equipment for contact centers and even IP telephony and other contact center / collaboration infrastructure""}, {""l2"": ""TELECOM"", ""l3"": ""NETWORK INFRASTRUCTURE"", ""score"": 0.0, ""definition"": ""Hardware resources of an entire network that enables network connectivity, communication, operations and management Includes wireless access points, routers, firewalls, switches, etc""}, {""l2"": ""TELECOM"", ""l3"": ""VOICE & DATA SERVICES"", ""score"": 0.0, ""definition"": ""Internet access and the data transmission technologies: dial-up, DSL, cable modem, or dedicated high-speed interconnects. Also includes communication methods such as internet email accounts, voice and streaming television services. The services and service combinations may be unique to each service provider (aka - ISP).""}]","Includes base stations, PBX equipment for contact centers and even IP telephony and other contact center / collaboration infrastructure"
IT Hardware,"Telephony, Data Lines & Communication Services",Mobile connectivity,TELECOM,WIRELESS,0.5408474109536622,similarity_search,"[{""l2"": ""TELECOM"", ""l3"": ""WIRELESS"", ""score"": 0.0, ""definition"": ""Wireless data and cell phone service providers""}, {""l2"": ""TELECOM"", ""l3"": ""TELECOM & CONTACT INFRASTRUCTURE"", ""score"": 0.0, ""definition"": ""Includes base stations, PBX equipment for contact centers and even IP telephony and other contact center / collaboration infrastructure""}, {""l2"": ""TELECOM"", ""l3"": ""MOBILE DEVICE MANAGEMENT"", ""score"": 0.0, ""definition"": ""Mobile device management (MDM) is software that allows IT administrators to control, secure and enforce policies on smartphones, tablets and other endpoints""}]",Wireless data and cell phone service providers
Media & Marketing,Content Production,External Content Creation,MEDIA PRODUCTION,MEDIA PRODUCTION,0.5577810268924212,similarity_search,"[{""l2"": ""MEDIA PRODUCTION"", ""l3"": ""MEDIA PRODUCTION"", ""score"": 0.0, ""definition"": ""Support development of a photo or video; e.g. the pre-work of planning and preparing the elements involved in the video, as well as the post-production work of editing the video or picture, writing, rerecording, and / or editing the soundtrack, and adding special visual effects.""}, {""l2"": ""MEDIA PRODUCTION"", ""l3"": ""STOCK MEDIA"", ""score"": 0.0, ""definition"": ""Pre-produced images or videos available for purchase""}, {""l2"": ""MAR TECH"", ""l3"": ""MAR TECH - CONTENT & EXPERIENCE"", ""score"": 0.0, ""definition"": ""Marketing technology services focused on content and experience""}]","Support development of a photo or video; e.g. the pre-work of planning and preparing the elements involved in the video, as well as the post-production work of editing the video or picture, writing, rerecording, and / or editing the soundtrack, and adding special visual effects."
Media & Marketing,Content Production,Other Content Production,MEDIA PRODUCTION,MEDIA PRODUCTION,0.6250536888773812,similarity_search,"[{""l2"": ""MEDIA PRODUCTION"", ""l3"": ""MEDIA PRODUCTION"", ""score"": 0.0, ""definition"": ""Support development of a photo or video; e.g. the pre-work of planning and preparing the elements involved in the video, as well as the post-production work of editing the video or picture, writing, rerecording, and / or editing the soundtrack, and adding special visual effects.""}, {""l2"": ""MEDIA PRODUCTION"", ""l3"": ""STOCK MEDIA"", ""score"": 0.0, ""definition"": ""Pre-produced images or videos available for purchase""}, {""l2"": ""MAR TECH"", ""l3"": ""MAR TECH - CONTENT & EXPERIENCE"", ""score"": 0.0, ""definition"": ""Marketing technology services focused on content and experience""}]","Support development of a photo or video; e.g. the pre-work of planning and preparing the elements involved in the video, as well as the post-production work of editing the video or picture, writing, rerecording, and / or editing the soundtrack, and adding special visual effects."
Media & Marketing,Content Production,Production Equipment,MEDIA PRODUCTION,MEDIA PRODUCTION,0.6199427557128102,similarity_search,"[{""l2"": ""MEDIA PRODUCTION"", ""l3"": ""MEDIA PRODUCTION"", ""score"": 0.0, ""definition"": ""Support development of a photo or video; e.g. the pre-work of planning and preparing the elements involved in the video, as well as the post-production work of editing the video or picture, writing, rerecording, and / or editing the soundtrack, and adding special visual effects.""}, {""l2"": ""MEDIA PRODUCTION"", ""l3"": ""STOCK MEDIA"", ""score"": 0.0, ""definition"": ""Pre-produced images or videos available for purchase""}, {""l2"": ""MEDIA PRODUCTION"", ""l3"": ""SET BUILDING"", ""score"": 0.0, ""definition"": ""Sets and staging used to create the look and feel of photo shoots, videos, etc.""}]","Support development of a photo or video; e.g. the pre-work of planning and preparing the elements involved in the video, as well as the post-production work of editing the video or picture, writing, rerecording, and / or editing the soundtrack, and adding special visual effects."
Media & Marketing,Content Production,Production Location,MEDIA PRODUCTION,MEDIA PRODUCTION,0.61700040990107,similarity_search,"[{""l2"": ""MEDIA PRODUCTION"", ""l3"": ""MEDIA PRODUCTION"", ""score"": 0.0, ""definition"": ""Support development of a photo or video; e.g. the pre-work of planning and preparing the elements involved in the video, as well as the post-production work of editing the video or picture, writing, rerecording, and / or editing the soundtrack, and adding special visual effects.""}, {""l2"": ""MEDIA PRODUCTION"", ""l3"": ""SET BUILDING"", ""score"": 0.0, ""definition"": ""Sets and staging used to create the look and feel of photo shoots, videos, etc.""}, {""l2"": ""MEDIA PRODUCTION"", ""l3"": ""STOCK MEDIA"", ""score"": 0.0, ""definition"": ""Pre-produced images or videos available for purchase""}]","Support development of a photo or video; e.g. the pre-work of planning and preparing the elements involved in the video, as well as the post-production work of editing the video or picture, writing, rerecording, and / or editing the soundtrack, and adding special visual effects."
Media & Marketing,Creative Agencies & Campaign Production,nan,IT HARDWARE / INFRASTRUCTURE,CONSUMER ELECTRONICS VENDOR,0.5063549868637482,similarity_search,"[{""l2"": ""IT HARDWARE / INFRASTRUCTURE"", ""l3"": ""CONSUMER ELECTRONICS VENDOR"", ""score"": 0.0, ""definition"": ""nan""}, {""l2"": ""AGENCIES"", ""l3"": ""ADVERTISING AGENCIES"", ""score"": 0.0, ""definition"": ""Agencies / businesses dedicated to creating, planning, and handling advertising for its clients. This includes both the thinking / ideation behind the ads, as well as the strategic placement of those ads to achieve optimal audience impact and reach.""}, {""l2"": ""MAR TECH"", ""l3"": ""MAR TECH - ADVERTISING & PROMOTIONS"", ""score"": 0.0, ""definition"": ""Marketing technology services focused on advertising and promotions""}]",nan
Media & Marketing,Event Management,Event Catering,FOOD SERVICES,FOOD SERVICES,0.5676392155553821,similarity_search,"[{""l2"": ""FOOD SERVICES"", ""l3"": ""FOOD SERVICES"", ""score"": 0.0, ""definition"": ""Food service management services focused on corporate cafeterias or in office catering""}, {""l2"": ""AGENCIES"", ""l3"": ""EVENTS AGENCIES"", ""score"": 0.0, ""definition"": ""Event agencies specialize in planning, organizing, and executing corporate or public events such as conferences, trade shows, product launches, and celebrations. They manage logistics, creative design, budgeting, and vendor coordination to deliver seamless experiences. Agencies often provide branding, production, and digital integration services, ensuring events align with client goals and brand identity while engaging audiences effectively.""}, {""l2"": ""EVENTS & CONFERENCES"", ""l3"": ""EVENT EXHIBITS & DISPLAYS"", ""score"": 0.0, ""definition"": ""Physical marketing tools used to attract consumer attention and interest""}]",Food service management services focused on corporate cafeterias or in office catering
Media & Marketing,Event Management,Event Locations,AGENCIES,EVENTS AGENCIES,0.5192478895187526,similarity_search,"[{""l2"": ""AGENCIES"", ""l3"": ""EVENTS AGENCIES"", ""score"": 0.0, ""definition"": ""Event agencies specialize in planning, organizing, and executing corporate or public events such as conferences, trade shows, product launches, and celebrations. They manage logistics, creative design, budgeting, and vendor coordination to deliver seamless experiences. Agencies often provide branding, production, and digital integration services, ensuring events align with client goals and brand identity while engaging audiences effectively.""}, {""l2"": ""EVENTS & CONFERENCES"", ""l3"": ""EVENT EXHIBITS & DISPLAYS"", ""score"": 0.0, ""definition"": ""Physical marketing tools used to attract consumer attention and interest""}, {""l2"": ""EVENTS & CONFERENCES"", ""l3"": ""EVENT SPACE & RENTALS"", ""score"": 0.0, ""definition"": ""Working with companies that rent and sell various furniture, equipment, and d\u00e9cor required for the execution of an event. This may also include the renting of space at a hotel, banquet hall, or other location for the purpose of hosting an event.""}]","Event agencies specialize in planning, organizing, and executing corporate or public events such as conferences, trade shows, product launches, and celebrations. They manage logistics, creative design, budgeting, and vendor coordination to deliver seamless experiences. Agencies often provide branding, production, and digital integration services, ensuring events align with client goals and brand identity while engaging audiences effectively."
Media & Marketing,Event Management,Event Management & Production Services,AGENCIES,EVENTS AGENCIES,0.5480729014830139,similarity_search,"[{""l2"": ""AGENCIES"", ""l3"": ""EVENTS AGENCIES"", ""score"": 0.0, ""definition"": ""Event agencies specialize in planning, organizing, and executing corporate or public events such as conferences, trade shows, product launches, and celebrations. They manage logistics, creative design, budgeting, and vendor coordination to deliver seamless experiences. Agencies often provide branding, production, and digital integration services, ensuring events align with client goals and brand identity while engaging audiences effectively.""}, {""l2"": ""CONSTRUCTION SERVICES"", ""l3"": ""CONSTRUCTION PROJECT MANAGEMENT"", ""score"": 0.0, ""definition"": ""Construction management services""}, {""l2"": ""MAR TECH"", ""l3"": ""MAR TECH - ADVERTISING & PROMOTIONS"", ""score"": 0.0, ""definition"": ""Marketing technology services focused on advertising and promotions""}]","Event agencies specialize in planning, organizing, and executing corporate or public events such as conferences, trade shows, product launches, and celebrations. They manage logistics, creative design, budgeting, and vendor coordination to deliver seamless experiences. Agencies often provide branding, production, and digital integration services, ensuring events align with client goals and brand identity while engaging audiences effectively."
Media & Marketing,Event Management,Internal Events,AGENCIES,EVENTS AGENCIES,0.5180146651233041,similarity_search,"[{""l2"": ""AGENCIES"", ""l3"": ""EVENTS AGENCIES"", ""score"": 0.0, ""definition"": ""Event agencies specialize in planning, organizing, and executing corporate or public events such as conferences, trade shows, product launches, and celebrations. They manage logistics, creative design, budgeting, and vendor coordination to deliver seamless experiences. Agencies often provide branding, production, and digital integration services, ensuring events align with client goals and brand identity while engaging audiences effectively.""}, {""l2"": ""EVENTS & CONFERENCES"", ""l3"": ""EVENT EXHIBITS & DISPLAYS"", ""score"": 0.0, ""definition"": ""Physical marketing tools used to attract consumer attention and interest""}, {""l2"": ""EVENTS & CONFERENCES"", ""l3"": ""SPEAKERS & ENTERTAINMENT"", ""score"": 0.0, ""definition"": ""Individuals invited to present, speak, or host / emcee an event""}]","Event agencies specialize in planning, organizing, and executing corporate or public events such as conferences, trade shows, product launches, and celebrations. They manage logistics, creative design, budgeting, and vendor coordination to deliver seamless experiences. Agencies often provide branding, production, and digital integration services, ensuring events align with client goals and brand identity while engaging audiences effectively."
Media & Marketing,Event Management,Other event services,AGENCIES,EVENTS AGENCIES,0.5359113769636935,similarity_search,"[{""l2"": ""AGENCIES"", ""l3"": ""EVENTS AGENCIES"", ""score"": 0.0, ""definition"": ""Event agencies specialize in planning, organizing, and executing corporate or public events such as conferences, trade shows, product launches, and celebrations. They manage logistics, creative design, budgeting, and vendor coordination to deliver seamless experiences. Agencies often provide branding, production, and digital integration services, ensuring events align with client goals and brand identity while engaging audiences effectively.""}, {""l2"": ""EVENTS & CONFERENCES"", ""l3"": ""EVENT EXHIBITS & DISPLAYS"", ""score"": 0.0, ""definition"": ""Physical marketing tools used to attract consumer attention and interest""}, {""l2"": ""CONSTRUCTION SERVICES"", ""l3"": ""CONSTRUCTION PROJECT MANAGEMENT"", ""score"": 0.0, ""definition"": ""Construction management services""}]","Event agencies specialize in planning, organizing, and executing corporate or public events such as conferences, trade shows, product launches, and celebrations. They manage logistics, creative design, budgeting, and vendor coordination to deliver seamless experiences. Agencies often provide branding, production, and digital integration services, ensuring events align with client goals and brand identity while engaging audiences effectively."
Media & Marketing,Event Management,Technical Event Equipment,EVENTS & CONFERENCES,EVENT EXHIBITS & DISPLAYS,0.5489809139044457,similarity_search,"[{""l2"": ""EVENTS & CONFERENCES"", ""l3"": ""EVENT EXHIBITS & DISPLAYS"", ""score"": 0.0, ""definition"": ""Physical marketing tools used to attract consumer attention and interest""}, {""l2"": ""MAR TECH"", ""l3"": ""MAR TECH - ADVERTISING & PROMOTIONS"", ""score"": 0.0, ""definition"": ""Marketing technology services focused on advertising and promotions""}, {""l2"": ""EVENTS & CONFERENCES"", ""l3"": ""EVENT SPACE & RENTALS"", ""score"": 0.0, ""definition"": ""Working with companies that rent and sell various furniture, equipment, and d\u00e9cor required for the execution of an event. This may also include the renting of space at a hotel, banquet hall, or other location for the purpose of hosting an event.""}]",Physical marketing tools used to attract consumer attention and interest
Media & Marketing,External Workforce - Art Buying,Other Art Buying,WORKING MEDIA,WORKING MEDIA,0.5305956565623731,similarity_search,"[{""l2"": ""WORKING MEDIA"", ""l3"": ""WORKING MEDIA"", ""score"": 0.0, ""definition"": ""Purchasing advertising spots directly from a media source or website""}, {""l2"": ""MARKETING SERVICES"", ""l3"": ""FREELANCERS"", ""score"": 0.0, ""definition"": ""Self-employed workers performing contracted labor for a temporary employer""}, {""l2"": ""TRAVEL MANAGEMENT"", ""l3"": ""TRAVEL MANAGEMENT"", ""score"": 0.0, ""definition"": ""External travel agency and/or booking tool used to manage travel needs""}]",Purchasing advertising spots directly from a media source or website
Media & Marketing,Influencer Marketing,nan,MARKETING SERVICES,INFLUENCER MARKETING,0.5721236637867653,similarity_search,"[{""l2"": ""MARKETING SERVICES"", ""l3"": ""INFLUENCER MARKETING"", ""score"": 0.0, ""definition"": ""The use of product mentions or endorsements from individuals who have a dedicated social following and are viewed as experts in their niche to promote a product or service.""}, {""l2"": ""IT HARDWARE / INFRASTRUCTURE"", ""l3"": ""CONSUMER ELECTRONICS VENDOR"", ""score"": 0.0, ""definition"": ""nan""}, {""l2"": ""MAR TECH"", ""l3"": ""MAR TECH - SOCIAL & RELATIONSHIPS"", ""score"": 0.0, ""definition"": ""Marketing technology services focused on social and relationships""}]",The use of product mentions or endorsements from individuals who have a dedicated social following and are viewed as experts in their niche to promote a product or service.
Media & Marketing,Media Buying Offline,D(OOH),WORKING MEDIA,WORKING MEDIA - OUTDOOR ADVERTISING,0.7037878069687912,similarity_search,"[{""l2"": ""WORKING MEDIA"", ""l3"": ""WORKING MEDIA - OUTDOOR ADVERTISING"", ""score"": 0.0, ""definition"": ""Outdoor advertising, or out-of-home (OOH) media, includes billboards, transit ads, digital signage, and street furniture displays. It targets audiences in public spaces to increase brand visibility and reinforce campaigns. With advances in digital OOH, advertisers can deliver dynamic, location-based messaging and track performance. Outdoor media offers broad reach and high impact, particularly for local and brand-awareness initiatives.""}, {""l2"": ""WORKING MEDIA"", ""l3"": ""WORKING MEDIA"", ""score"": 0.0, ""definition"": ""Purchasing advertising spots directly from a media source or website""}, {""l2"": ""MEDIA BUY"", ""l3"": ""DIGITAL MEDIA BUYING & PLANNING"", ""score"": 0.0, ""definition"": ""Promoting products or services using digital technologies on the Internet, through mobile apps, and any other online medium. Digital tactics include, but are not limited to, Search Engine Marketing, Affiliate Marketing, Website Development & Operations, Influencer Marketing, CRM, Email Marketing, and Content Marketing.""}]","Outdoor advertising, or out-of-home (OOH) media, includes billboards, transit ads, digital signage, and street furniture displays. It targets audiences in public spaces to increase brand visibility and reinforce campaigns. With advances in digital OOH, advertisers can deliver dynamic, location-based messaging and track performance. Outdoor media offers broad reach and high impact, particularly for local and brand-awareness initiatives."
Media & Marketing,Media Buying Offline,Digital Radio,WORKING MEDIA,WORKING MEDIA - RADIO ADVERTISING,0.6560240573911782,similarity_search,"[{""l2"": ""WORKING MEDIA"", ""l3"": ""WORKING MEDIA - RADIO ADVERTISING"", ""score"": 0.0, ""definition"": ""Radio advertising uses audio messages broadcast via AM/FM, satellite, or streaming radio to promote products or services. It targets listeners based on geography, demographics, and listening habits. With strong local reach and frequency, radio ads build brand recall and drive action. Digital radio and podcast integrations enhance measurability and engagement, offering advertisers dynamic and cost-effective audience reach.""}, {""l2"": ""WORKING MEDIA"", ""l3"": ""WORKING MEDIA"", ""score"": 0.0, ""definition"": ""Purchasing advertising spots directly from a media source or website""}, {""l2"": ""MEDIA BUY"", ""l3"": ""DIGITAL MEDIA BUYING & PLANNING"", ""score"": 0.0, ""definition"": ""Promoting products or services using digital technologies on the Internet, through mobile apps, and any other online medium. Digital tactics include, but are not limited to, Search Engine Marketing, Affiliate Marketing, Website Development & Operations, Influencer Marketing, CRM, Email Marketing, and Content Marketing.""}]","Radio advertising uses audio messages broadcast via AM/FM, satellite, or streaming radio to promote products or services. It targets listeners based on geography, demographics, and listening habits. With strong local reach and frequency, radio ads build brand recall and drive action. Digital radio and podcast integrations enhance measurability and engagement, offering advertisers dynamic and cost-effective audience reach."
Media & Marketing,Media Buying Offline,Digital TV,WORKING MEDIA,WORKING MEDIA - TV ADVERTISING (LINEAR / OTT),0.6301527962316295,similarity_search,"[{""l2"": ""WORKING MEDIA"", ""l3"": ""WORKING MEDIA - TV ADVERTISING (LINEAR / OTT)"", ""score"": 0.0, ""definition"": ""TV advertising includes traditional linear TV spots and digital streaming ads via OTT (Over-The-Top) platforms like Hulu, Roku, or YouTube TV. Linear TV provides broad audience reach, while OTT offers precise targeting, interactivity, and performance analytics. Both formats enhance brand awareness and storytelling through high-impact visuals. Modern campaigns often blend traditional and digital TV buys for maximum effectiveness across screens.""}, {""l2"": ""MEDIA BUY"", ""l3"": ""DIGITAL MEDIA BUYING & PLANNING"", ""score"": 0.0, ""definition"": ""Promoting products or services using digital technologies on the Internet, through mobile apps, and any other online medium. Digital tactics include, but are not limited to, Search Engine Marketing, Affiliate Marketing, Website Development & Operations, Influencer Marketing, CRM, Email Marketing, and Content Marketing.""}, {""l2"": ""WORKING MEDIA"", ""l3"": ""WORKING MEDIA"", ""score"": 0.0, ""definition"": ""Purchasing advertising spots directly from a media source or website""}]","TV advertising includes traditional linear TV spots and digital streaming ads via OTT (Over-The-Top) platforms like Hulu, Roku, or YouTube TV. Linear TV provides broad audience reach, while OTT offers precise targeting, interactivity, and performance analytics. Both formats enhance brand awareness and storytelling through high-impact visuals. Modern campaigns often blend traditional and digital TV buys for maximum effectiveness across screens."
Media & Marketing,Media Buying Offline,Other Media Buying Offline,WORKING MEDIA,WORKING MEDIA,0.6431168126131194,similarity_search,"[{""l2"": ""WORKING MEDIA"", ""l3"": ""WORKING MEDIA"", ""score"": 0.0, ""definition"": ""Purchasing advertising spots directly from a media source or website""}, {""l2"": ""MEDIA BUY"", ""l3"": ""MEDIA BUYING & PLANNING"", ""score"": 0.0, ""definition"": ""Media planning is determining the optimal combination of media to achieve objectives. Media buying is the procurement of media space and time for displaying advertising content, including negotiating with individual media owners (such as broadcasters or publishers) over availability and price. This subcategory includes agencies that support one or both of those functions.""}, {""l2"": ""WORKING MEDIA"", ""l3"": ""WORKING MEDIA - OUTDOOR ADVERTISING"", ""score"": 0.0, ""definition"": ""Outdoor advertising, or out-of-home (OOH) media, includes billboards, transit ads, digital signage, and street furniture displays. It targets audiences in public spaces to increase brand visibility and reinforce campaigns. With advances in digital OOH, advertisers can deliver dynamic, location-based messaging and track performance. Outdoor media offers broad reach and high impact, particularly for local and brand-awareness initiatives.""}]",Purchasing advertising spots directly from a media source or website
Media & Marketing,Media Buying Offline,Print Ads,WORKING MEDIA,WORKING MEDIA - PUBLICATIONS (PRINT & DIGITAL),0.6432604364467187,similarity_search,"[{""l2"": ""WORKING MEDIA"", ""l3"": ""WORKING MEDIA - PUBLICATIONS (PRINT & DIGITAL)"", ""score"": 0.0, ""definition"": ""Advertising in print and digital publications includes placing brand messages in newspapers, magazines, newsletters, or online editorial outlets. This medium provides credibility and audience segmentation through trusted content environments. Digital publications extend reach via sponsored articles and native placements, while print ads support brand visibility in niche markets. Combined, they deliver multi-channel exposure and measurable audience engagement.""}, {""l2"": ""WORKING MEDIA"", ""l3"": ""WORKING MEDIA"", ""score"": 0.0, ""definition"": ""Purchasing advertising spots directly from a media source or website""}, {""l2"": ""COMMERCIAL PRINT"", ""l3"": ""DIRECT MAIL"", ""score"": 0.0, ""definition"": ""Print (flyers, postcards brochures, etc) or data processing / list management of materials shared with customers and prospective customers""}]","Advertising in print and digital publications includes placing brand messages in newspapers, magazines, newsletters, or online editorial outlets. This medium provides credibility and audience segmentation through trusted content environments. Digital publications extend reach via sponsored articles and native placements, while print ads support brand visibility in niche markets. Combined, they deliver multi-channel exposure and measurable audience engagement."
Media & Marketing,Media Buying Offline,Radio,WORKING MEDIA,WORKING MEDIA - RADIO ADVERTISING,0.6402891874313537,similarity_search,"[{""l2"": ""WORKING MEDIA"", ""l3"": ""WORKING MEDIA - RADIO ADVERTISING"", ""score"": 0.0, ""definition"": ""Radio advertising uses audio messages broadcast via AM/FM, satellite, or streaming radio to promote products or services. It targets listeners based on geography, demographics, and listening habits. With strong local reach and frequency, radio ads build brand recall and drive action. Digital radio and podcast integrations enhance measurability and engagement, offering advertisers dynamic and cost-effective audience reach.""}, {""l2"": ""WORKING MEDIA"", ""l3"": ""WORKING MEDIA"", ""score"": 0.0, ""definition"": ""Purchasing advertising spots directly from a media source or website""}, {""l2"": ""MEDIA BUY"", ""l3"": ""MEDIA BUYING & PLANNING"", ""score"": 0.0, ""definition"": ""Media planning is determining the optimal combination of media to achieve objectives. Media buying is the procurement of media space and time for displaying advertising content, including negotiating with individual media owners (such as broadcasters or publishers) over availability and price. This subcategory includes agencies that support one or both of those functions.""}]","Radio advertising uses audio messages broadcast via AM/FM, satellite, or streaming radio to promote products or services. It targets listeners based on geography, demographics, and listening habits. With strong local reach and frequency, radio ads build brand recall and drive action. Digital radio and podcast integrations enhance measurability and engagement, offering advertisers dynamic and cost-effective audience reach."
Media & Marketing,Media Buying Offline,TV,WORKING MEDIA,WORKING MEDIA,0.6232189320008542,similarity_search,"[{""l2"": ""WORKING MEDIA"", ""l3"": ""WORKING MEDIA"", ""score"": 0.0, ""definition"": ""Purchasing advertising spots directly from a media source or website""}, {""l2"": ""WORKING MEDIA"", ""l3"": ""WORKING MEDIA - TV ADVERTISING (LINEAR / OTT)"", ""score"": 0.0, ""definition"": ""TV advertising includes traditional linear TV spots and digital streaming ads via OTT (Over-The-Top) platforms like Hulu, Roku, or YouTube TV. Linear TV provides broad audience reach, while OTT offers precise targeting, interactivity, and performance analytics. Both formats enhance brand awareness and storytelling through high-impact visuals. Modern campaigns often blend traditional and digital TV buys for maximum effectiveness across screens.""}, {""l2"": ""MEDIA BUY"", ""l3"": ""MEDIA BUYING & PLANNING"", ""score"": 0.0, ""definition"": ""Media planning is determining the optimal combination of media to achieve objectives. Media buying is the procurement of media space and time for displaying advertising content, including negotiating with individual media owners (such as broadcasters or publishers) over availability and price. This subcategory includes agencies that support one or both of those functions.""}]",Purchasing advertising spots directly from a media source or website
Media & Marketing,Media Buying Online,Affiliate,AFFILIATE MARKETING,AFFILIATES,0.6597625023339014,similarity_search,"[{""l2"": ""AFFILIATE MARKETING"", ""l3"": ""AFFILIATES"", ""score"": 0.0, ""definition"": ""Companies utilizing third-party marketing services""}, {""l2"": ""WORKING MEDIA"", ""l3"": ""WORKING MEDIA"", ""score"": 0.0, ""definition"": ""Purchasing advertising spots directly from a media source or website""}, {""l2"": ""AFFILIATE MARKETING"", ""l3"": ""AFFILIATE PLATFORMS"", ""score"": 0.0, ""definition"": ""Connector or intermediary between merchants and marketing affiliates""}]",Companies utilizing third-party marketing services
Media & Marketing,Media Buying Online,Direct Deals,WORKING MEDIA,WORKING MEDIA,0.7127263333581145,similarity_search,"[{""l2"": ""WORKING MEDIA"", ""l3"": ""WORKING MEDIA"", ""score"": 0.0, ""definition"": ""Purchasing advertising spots directly from a media source or website""}, {""l2"": ""MEDIA BUY"", ""l3"": ""DIGITAL MEDIA BUYING & PLANNING"", ""score"": 0.0, ""definition"": ""Promoting products or services using digital technologies on the Internet, through mobile apps, and any other online medium. Digital tactics include, but are not limited to, Search Engine Marketing, Affiliate Marketing, Website Development & Operations, Influencer Marketing, CRM, Email Marketing, and Content Marketing.""}, {""l2"": ""MEDIA BUY"", ""l3"": ""MEDIA BUYING & PLANNING"", ""score"": 0.0, ""definition"": ""Media planning is determining the optimal combination of media to achieve objectives. Media buying is the procurement of media space and time for displaying advertising content, including negotiating with individual media owners (such as broadcasters or publishers) over availability and price. This subcategory includes agencies that support one or both of those functions.""}]",Purchasing advertising spots directly from a media source or website
Media & Marketing,Media Buying Online,Paid Social Media,WORKING MEDIA,WORKING MEDIA - PAID SOCIAL,0.7294131517410278,similarity_search,"[{""l2"": ""WORKING MEDIA"", ""l3"": ""WORKING MEDIA - PAID SOCIAL"", ""score"": 0.0, ""definition"": ""Paid social media involves running sponsored ads across social platforms like Facebook, Instagram, LinkedIn, TikTok, and X (Twitter). These campaigns target audiences based on demographics, interests, and behaviors to increase awareness, engagement, or conversions. Paid social allows for precise targeting, creative testing, and real-time performance analytics. It complements organic content strategies and helps brands reach new audiences efficiently through data-driven advertising.""}, {""l2"": ""WORKING MEDIA"", ""l3"": ""WORKING MEDIA"", ""score"": 0.0, ""definition"": ""Purchasing advertising spots directly from a media source or website""}, {""l2"": ""MEDIA BUY"", ""l3"": ""DIGITAL MEDIA BUYING & PLANNING"", ""score"": 0.0, ""definition"": ""Promoting products or services using digital technologies on the Internet, through mobile apps, and any other online medium. Digital tactics include, but are not limited to, Search Engine Marketing, Affiliate Marketing, Website Development & Operations, Influencer Marketing, CRM, Email Marketing, and Content Marketing.""}]","Paid social media involves running sponsored ads across social platforms like Facebook, Instagram, LinkedIn, TikTok, and X (Twitter). These campaigns target audiences based on demographics, interests, and behaviors to increase awareness, engagement, or conversions. Paid social allows for precise targeting, creative testing, and real-time performance analytics. It complements organic content strategies and helps brands reach new audiences efficiently through data-driven advertising."
Media & Marketing,Media Buying Online,Programmatic Display,WORKING MEDIA,WORKING MEDIA - DISPLAY,0.6574166621317481,similarity_search,"[{""l2"": ""WORKING MEDIA"", ""l3"": ""WORKING MEDIA - DISPLAY"", ""score"": 0.0, ""definition"": ""Display media refers to digital advertisements presented on websites, apps, or social platforms in the form of banners, videos, or interactive graphics. It helps brands build awareness and drive traffic through targeted impressions and retargeting campaigns. Managed through programmatic platforms, display media allows advertisers to reach specific audiences at scale using data-driven optimization and real-time bidding.""}, {""l2"": ""WORKING MEDIA"", ""l3"": ""WORKING MEDIA"", ""score"": 0.0, ""definition"": ""Purchasing advertising spots directly from a media source or website""}, {""l2"": ""MEDIA BUY"", ""l3"": ""DIGITAL MEDIA BUYING & PLANNING"", ""score"": 0.0, ""definition"": ""Promoting products or services using digital technologies on the Internet, through mobile apps, and any other online medium. Digital tactics include, but are not limited to, Search Engine Marketing, Affiliate Marketing, Website Development & Operations, Influencer Marketing, CRM, Email Marketing, and Content Marketing.""}]","Display media refers to digital advertisements presented on websites, apps, or social platforms in the form of banners, videos, or interactive graphics. It helps brands build awareness and drive traffic through targeted impressions and retargeting campaigns. Managed through programmatic platforms, display media allows advertisers to reach specific audiences at scale using data-driven optimization and real-time bidding."
Media & Marketing,Print services,Branded/Printed Items,PROMOTIONS,PROMOTIONAL PRODUCTS,0.6566461929697295,similarity_search,"[{""l2"": ""PROMOTIONS"", ""l3"": ""PROMOTIONAL PRODUCTS"", ""score"": 0.0, ""definition"": ""Items that are branded with a logo and used in marketing and communication programs""}, {""l2"": ""COMMERCIAL PRINT"", ""l3"": ""COMMERCIAL PRINT"", ""score"": 0.0, ""definition"": ""Printing products for business use""}, {""l2"": ""PRINT SUPPLIES"", ""l3"": ""PRINTING SUPPLIES"", ""score"": 0.0, ""definition"": ""Resources and services that help create printed materials""}]",Items that are branded with a logo and used in marketing and communication programs
Media & Marketing,Print services,Parcel Inserts & Offline Mailings (Production & Shipping),COMMERCIAL PRINT,FREE STANDING INSERTS,0.6047943955414777,similarity_search,"[{""l2"": ""COMMERCIAL PRINT"", ""l3"": ""FREE STANDING INSERTS"", ""score"": 0.0, ""definition"": ""Services dedicated to developing advertising materials to go in various print media outlets, like newspapers and magazines""}, {""l2"": ""FACILITY SERVICES"", ""l3"": ""PRINT / MAILROOM MANAGEMENT"", ""score"": 0.0, ""definition"": ""Outsourced mailroom and/or print management services""}, {""l2"": ""CORPORATE OFFICE"", ""l3"": ""PRINTING & SHIPPING CENTER"", ""score"": 0.0, ""definition"": ""Small-scale, on-demand copying, printing, and binding of presentations, flyers, brochures, banners, etc.""}]","Services dedicated to developing advertising materials to go in various print media outlets, like newspapers and magazines"
Media & Marketing,Print services,"Posters, Flyer, Brochures and Business Cards",COMMERCIAL PRINT,FLYERS & BROCHURES,0.7202662563006623,similarity_search,"[{""l2"": ""COMMERCIAL PRINT"", ""l3"": ""FLYERS & BROCHURES"", ""score"": 0.0, ""definition"": ""Printing of flyers and brochures for business purposes""}, {""l2"": ""COMMERCIAL PRINT"", ""l3"": ""DIRECT MAIL"", ""score"": 0.0, ""definition"": ""Print (flyers, postcards brochures, etc) or data processing / list management of materials shared with customers and prospective customers""}, {""l2"": ""COMMERCIAL PRINT"", ""l3"": ""COMMERCIAL PRINT"", ""score"": 0.0, ""definition"": ""Printing products for business use""}]",Printing of flyers and brochures for business purposes
Media & Marketing,Public Relations,Corporate PR & Corp. Events,AGENCIES,PUBLIC RELATIONS AGENCIES,0.606229514811861,similarity_search,"[{""l2"": ""AGENCIES"", ""l3"": ""PUBLIC RELATIONS AGENCIES"", ""score"": 0.0, ""definition"": ""Maintaining and enhancing a company\u2019s image and the product or services it offers through proactive and reactive communication, media, and in-person engagement. PR firms help clients defend their reputations in crisis. PR is considered a strategy complementary to marketing, and, depending on the organization, may or may not fall within the Marketing function.""}, {""l2"": ""CORPORATE SERVICES"", ""l3"": ""INVESTOR RELATIONS SERVICES"", ""score"": 0.0, ""definition"": ""Companies who provide communications services and communications platforms for investor news related to clients who are public companies.""}, {""l2"": ""AGENCIES"", ""l3"": ""EVENTS AGENCIES"", ""score"": 0.0, ""definition"": ""Event agencies specialize in planning, organizing, and executing corporate or public events such as conferences, trade shows, product launches, and celebrations. They manage logistics, creative design, budgeting, and vendor coordination to deliver seamless experiences. Agencies often provide branding, production, and digital integration services, ensuring events align with client goals and brand identity while engaging audiences effectively.""}]","Maintaining and enhancing a company’s image and the product or services it offers through proactive and reactive communication, media, and in-person engagement. PR firms help clients defend their reputations in crisis. PR is considered a strategy complementary to marketing, and, depending on the organization, may or may not fall within the Marketing function."
Media & Marketing,Public Relations,Fashion PR & Consumer Events,AGENCIES,PUBLIC RELATIONS AGENCIES,0.535138638921896,similarity_search,"[{""l2"": ""AGENCIES"", ""l3"": ""PUBLIC RELATIONS AGENCIES"", ""score"": 0.0, ""definition"": ""Maintaining and enhancing a company\u2019s image and the product or services it offers through proactive and reactive communication, media, and in-person engagement. PR firms help clients defend their reputations in crisis. PR is considered a strategy complementary to marketing, and, depending on the organization, may or may not fall within the Marketing function.""}, {""l2"": ""EVENTS & CONFERENCES"", ""l3"": ""EVENT EXHIBITS & DISPLAYS"", ""score"": 0.0, ""definition"": ""Physical marketing tools used to attract consumer attention and interest""}, {""l2"": ""MAR TECH"", ""l3"": ""MAR TECH - SOCIAL & RELATIONSHIPS"", ""score"": 0.0, ""definition"": ""Marketing technology services focused on social and relationships""}]","Maintaining and enhancing a company’s image and the product or services it offers through proactive and reactive communication, media, and in-person engagement. PR firms help clients defend their reputations in crisis. PR is considered a strategy complementary to marketing, and, depending on the organization, may or may not fall within the Marketing function."
Media & Marketing,Public Relations,Other PR services,AGENCIES,PUBLIC RELATIONS AGENCIES,0.6225348339954218,similarity_search,"[{""l2"": ""AGENCIES"", ""l3"": ""PUBLIC RELATIONS AGENCIES"", ""score"": 0.0, ""definition"": ""Maintaining and enhancing a company\u2019s image and the product or services it offers through proactive and reactive communication, media, and in-person engagement. PR firms help clients defend their reputations in crisis. PR is considered a strategy complementary to marketing, and, depending on the organization, may or may not fall within the Marketing function.""}, {""l2"": ""CORPORATE SERVICES"", ""l3"": ""INVESTOR RELATIONS SERVICES"", ""score"": 0.0, ""definition"": ""Companies who provide communications services and communications platforms for investor news related to clients who are public companies.""}, {""l2"": ""MAR TECH"", ""l3"": ""MAR TECH - SOCIAL & RELATIONSHIPS"", ""score"": 0.0, ""definition"": ""Marketing technology services focused on social and relationships""}]","Maintaining and enhancing a company’s image and the product or services it offers through proactive and reactive communication, media, and in-person engagement. PR firms help clients defend their reputations in crisis. PR is considered a strategy complementary to marketing, and, depending on the organization, may or may not fall within the Marketing function."
Media & Marketing,Public Relations,Public Affairs,AGENCIES,PUBLIC RELATIONS AGENCIES,0.655927779210636,similarity_search,"[{""l2"": ""AGENCIES"", ""l3"": ""PUBLIC RELATIONS AGENCIES"", ""score"": 0.0, ""definition"": ""Maintaining and enhancing a company\u2019s image and the product or services it offers through proactive and reactive communication, media, and in-person engagement. PR firms help clients defend their reputations in crisis. PR is considered a strategy complementary to marketing, and, depending on the organization, may or may not fall within the Marketing function.""}, {""l2"": ""MAR TECH"", ""l3"": ""MAR TECH - SOCIAL & RELATIONSHIPS"", ""score"": 0.0, ""definition"": ""Marketing technology services focused on social and relationships""}, {""l2"": ""MAR TECH"", ""l3"": ""MAR TECH - ADVERTISING & PROMOTIONS"", ""score"": 0.0, ""definition"": ""Marketing technology services focused on advertising and promotions""}]","Maintaining and enhancing a company’s image and the product or services it offers through proactive and reactive communication, media, and in-person engagement. PR firms help clients defend their reputations in crisis. PR is considered a strategy complementary to marketing, and, depending on the organization, may or may not fall within the Marketing function."
Media & Marketing,Search Engine Marketing,SEA,WORKING MEDIA,WORKING MEDIA - PAID SEARCH,0.6652736066526446,similarity_search,"[{""l2"": ""WORKING MEDIA"", ""l3"": ""WORKING MEDIA - PAID SEARCH"", ""score"": 0.0, ""definition"": ""Paid search, also known as search engine marketing (SEM), involves placing sponsored ads on search engines like Google or Bing. Advertisers bid on keywords to appear alongside search results, driving qualified traffic to their websites. Paid search campaigns are performance-driven, offering measurable ROI through clicks, conversions, and analytics. This channel complements SEO by capturing user intent and accelerating visibility.""}, {""l2"": ""MAR TECH"", ""l3"": ""MAR TECH - SOCIAL & RELATIONSHIPS"", ""score"": 0.0, ""definition"": ""Marketing technology services focused on social and relationships""}, {""l2"": ""MAR TECH"", ""l3"": ""MAR TECH - ADVERTISING & PROMOTIONS"", ""score"": 0.0, ""definition"": ""Marketing technology services focused on advertising and promotions""}]","Paid search, also known as search engine marketing (SEM), involves placing sponsored ads on search engines like Google or Bing. Advertisers bid on keywords to appear alongside search results, driving qualified traffic to their websites. Paid search campaigns are performance-driven, offering measurable ROI through clicks, conversions, and analytics. This channel complements SEO by capturing user intent and accelerating visibility."
Media & Marketing,Search Engine Marketing,SEO,WORKING MEDIA,WORKING MEDIA - PAID SEARCH,0.6354488568963028,similarity_search,"[{""l2"": ""WORKING MEDIA"", ""l3"": ""WORKING MEDIA - PAID SEARCH"", ""score"": 0.0, ""definition"": ""Paid search, also known as search engine marketing (SEM), involves placing sponsored ads on search engines like Google or Bing. Advertisers bid on keywords to appear alongside search results, driving qualified traffic to their websites. Paid search campaigns are performance-driven, offering measurable ROI through clicks, conversions, and analytics. This channel complements SEO by capturing user intent and accelerating visibility.""}, {""l2"": ""MEDIA BUY"", ""l3"": ""DIGITAL MEDIA BUYING & PLANNING"", ""score"": 0.0, ""definition"": ""Promoting products or services using digital technologies on the Internet, through mobile apps, and any other online medium. Digital tactics include, but are not limited to, Search Engine Marketing, Affiliate Marketing, Website Development & Operations, Influencer Marketing, CRM, Email Marketing, and Content Marketing.""}, {""l2"": ""MAR TECH"", ""l3"": ""MAR TECH - SOCIAL & RELATIONSHIPS"", ""score"": 0.0, ""definition"": ""Marketing technology services focused on social and relationships""}]","Paid search, also known as search engine marketing (SEM), involves placing sponsored ads on search engines like Google or Bing. Advertisers bid on keywords to appear alongside search results, driving qualified traffic to their websites. Paid search campaigns are performance-driven, offering measurable ROI through clicks, conversions, and analytics. This channel complements SEO by capturing user intent and accelerating visibility."
Media & Marketing,Social Media,Owned Social Media,WORKING MEDIA,WORKING MEDIA - PAID SOCIAL,0.5768866458731894,similarity_search,"[{""l2"": ""WORKING MEDIA"", ""l3"": ""WORKING MEDIA - PAID SOCIAL"", ""score"": 0.0, ""definition"": ""Paid social media involves running sponsored ads across social platforms like Facebook, Instagram, LinkedIn, TikTok, and X (Twitter). These campaigns target audiences based on demographics, interests, and behaviors to increase awareness, engagement, or conversions. Paid social allows for precise targeting, creative testing, and real-time performance analytics. It complements organic content strategies and helps brands reach new audiences efficiently through data-driven advertising.""}, {""l2"": ""MAR TECH"", ""l3"": ""MAR TECH - SOCIAL & RELATIONSHIPS"", ""score"": 0.0, ""definition"": ""Marketing technology services focused on social and relationships""}, {""l2"": ""AGENCIES"", ""l3"": ""SOCIAL AGENCY"", ""score"": 0.0, ""definition"": ""A social agency develops and manages social media strategies for brands to enhance visibility, engagement, and community building. Services include content creation, paid campaign management, influencer partnerships, and performance analytics. Social agencies help organizations maintain a consistent online presence, measure ROI, and respond to real-time audience interactions across platforms like Facebook, LinkedIn, Instagram, and TikTok.""}]","Paid social media involves running sponsored ads across social platforms like Facebook, Instagram, LinkedIn, TikTok, and X (Twitter). These campaigns target audiences based on demographics, interests, and behaviors to increase awareness, engagement, or conversions. Paid social allows for precise targeting, creative testing, and real-time performance analytics. It complements organic content strategies and helps brands reach new audiences efficiently through data-driven advertising."
Media & Marketing,Social Media,Paid Media Collaborations,WORKING MEDIA,WORKING MEDIA - PAID SOCIAL,0.6591386795043945,similarity_search,"[{""l2"": ""WORKING MEDIA"", ""l3"": ""WORKING MEDIA - PAID SOCIAL"", ""score"": 0.0, ""definition"": ""Paid social media involves running sponsored ads across social platforms like Facebook, Instagram, LinkedIn, TikTok, and X (Twitter). These campaigns target audiences based on demographics, interests, and behaviors to increase awareness, engagement, or conversions. Paid social allows for precise targeting, creative testing, and real-time performance analytics. It complements organic content strategies and helps brands reach new audiences efficiently through data-driven advertising.""}, {""l2"": ""WORKING MEDIA"", ""l3"": ""WORKING MEDIA"", ""score"": 0.0, ""definition"": ""Purchasing advertising spots directly from a media source or website""}, {""l2"": ""MAR TECH"", ""l3"": ""MAR TECH - SOCIAL & RELATIONSHIPS"", ""score"": 0.0, ""definition"": ""Marketing technology services focused on social and relationships""}]","Paid social media involves running sponsored ads across social platforms like Facebook, Instagram, LinkedIn, TikTok, and X (Twitter). These campaigns target audiences based on demographics, interests, and behaviors to increase awareness, engagement, or conversions. Paid social allows for precise targeting, creative testing, and real-time performance analytics. It complements organic content strategies and helps brands reach new audiences efficiently through data-driven advertising."
Media & Marketing,Tools & Research,AdTech Tools,MAR TECH,MAR TECH - ADVERTISING & PROMOTIONS,0.6097620231338708,similarity_search,"[{""l2"": ""MAR TECH"", ""l3"": ""MAR TECH - ADVERTISING & PROMOTIONS"", ""score"": 0.0, ""definition"": ""Marketing technology services focused on advertising and promotions""}, {""l2"": ""MAR TECH"", ""l3"": ""MAR TECH - DATA"", ""score"": 0.0, ""definition"": ""Marketing technology services focused on data""}, {""l2"": ""MAR TECH"", ""l3"": ""MAR TECH - SOCIAL & RELATIONSHIPS"", ""score"": 0.0, ""definition"": ""Marketing technology services focused on social and relationships""}]",Marketing technology services focused on advertising and promotions
Media & Marketing,Tools & Research,Research & Analytics,MARKETING SERVICES,MARKET RESEARCH,0.5975720526235337,similarity_search,"[{""l2"": ""MARKETING SERVICES"", ""l3"": ""MARKET RESEARCH"", ""score"": 0.0, ""definition"": ""Customer/Market databases and industry reports for purchase as well as custom market research""}, {""l2"": ""MAR TECH"", ""l3"": ""MAR TECH - SOCIAL & RELATIONSHIPS"", ""score"": 0.0, ""definition"": ""Marketing technology services focused on social and relationships""}, {""l2"": ""MAR TECH"", ""l3"": ""MAR TECH - DATA"", ""score"": 0.0, ""definition"": ""Marketing technology services focused on data""}]",Customer/Market databases and industry reports for purchase as well as custom market research
Packaging,Cardboard Boxes,Intralogistics,PACKAGING PRODUCTS,CORRUGATED,0.6329798381376652,similarity_search,"[{""l2"": ""PACKAGING PRODUCTS"", ""l3"": ""CORRUGATED"", ""score"": 0.0, ""definition"": ""Standard, durable brown shipping box to transport materials - different sizes available""}, {""l2"": ""EQUIPMENT"", ""l3"": ""PACKAGING EQUIPMENT"", ""score"": 0.0, ""definition"": ""Box erectors, palletizers, pack-size machines that make custom boxes""}, {""l2"": ""PACKAGING SUPPLIES"", ""l3"": ""MAILERS & PACKING ENVELOPES"", ""score"": 0.0, ""definition"": ""Paper containers to transport letters or documents""}]","Standard, durable brown shipping box to transport materials - different sizes available"
Packaging,Cardboard Boxes,Other Boxes,PACKAGING PRODUCTS,CORRUGATED,0.6557634678028051,similarity_search,"[{""l2"": ""PACKAGING PRODUCTS"", ""l3"": ""CORRUGATED"", ""score"": 0.0, ""definition"": ""Standard, durable brown shipping box to transport materials - different sizes available""}, {""l2"": ""EQUIPMENT"", ""l3"": ""PACKAGING EQUIPMENT"", ""score"": 0.0, ""definition"": ""Box erectors, palletizers, pack-size machines that make custom boxes""}, {""l2"": ""PACKAGING SUPPLIES"", ""l3"": ""PROTECTIVE PACKAGING"", ""score"": 0.0, ""definition"": ""Custom boxes with protective corners and edges for fragile or otherwise sensitive materials""}]","Standard, durable brown shipping box to transport materials - different sizes available"
Packaging,Cardboard Boxes,Shipping Box,PACKAGING PRODUCTS,CORRUGATED,0.7011177060323462,similarity_search,"[{""l2"": ""PACKAGING PRODUCTS"", ""l3"": ""CORRUGATED"", ""score"": 0.0, ""definition"": ""Standard, durable brown shipping box to transport materials - different sizes available""}, {""l2"": ""PACKAGING SUPPLIES"", ""l3"": ""MAILERS & PACKING ENVELOPES"", ""score"": 0.0, ""definition"": ""Paper containers to transport letters or documents""}, {""l2"": ""PACKAGING SUPPLIES"", ""l3"": ""PACKAGING SUPPLIES"", ""score"": 0.0, ""definition"": ""Tape, Stretch Wrap, Strapping, Dunnage, Void Fill, Mailers/Shipping Envelopes""}]","Standard, durable brown shipping box to transport materials - different sizes available"
Packaging,Cardboard Boxes,Spare Box,PACKAGING PRODUCTS,CORRUGATED,0.6177536704833945,similarity_search,"[{""l2"": ""PACKAGING PRODUCTS"", ""l3"": ""CORRUGATED"", ""score"": 0.0, ""definition"": ""Standard, durable brown shipping box to transport materials - different sizes available""}, {""l2"": ""PACKAGING SUPPLIES"", ""l3"": ""PROTECTIVE PACKAGING"", ""score"": 0.0, ""definition"": ""Custom boxes with protective corners and edges for fragile or otherwise sensitive materials""}, {""l2"": ""EQUIPMENT"", ""l3"": ""PACKAGING EQUIPMENT"", ""score"": 0.0, ""definition"": ""Box erectors, palletizers, pack-size machines that make custom boxes""}]","Standard, durable brown shipping box to transport materials - different sizes available"
Packaging,Cardboard Boxes,Stow Box,PACKAGING PRODUCTS,CORRUGATED,0.5880595936704208,similarity_search,"[{""l2"": ""PACKAGING PRODUCTS"", ""l3"": ""CORRUGATED"", ""score"": 0.0, ""definition"": ""Standard, durable brown shipping box to transport materials - different sizes available""}, {""l2"": ""EQUIPMENT"", ""l3"": ""PACKAGING EQUIPMENT"", ""score"": 0.0, ""definition"": ""Box erectors, palletizers, pack-size machines that make custom boxes""}, {""l2"": ""PACKAGING PRODUCTS"", ""l3"": ""RETAIL PACKAGING"", ""score"": 0.0, ""definition"": ""Packaging of a single product to share with an end consumer""}]","Standard, durable brown shipping box to transport materials - different sizes available"
Packaging,Equipment & Auxiliar,Auxiliar Packaging,EQUIPMENT,PACKAGING EQUIPMENT,0.6193784929062777,similarity_search,"[{""l2"": ""EQUIPMENT"", ""l3"": ""PACKAGING EQUIPMENT"", ""score"": 0.0, ""definition"": ""Box erectors, palletizers, pack-size machines that make custom boxes""}, {""l2"": ""PACKAGING SUPPLIES"", ""l3"": ""PACKAGING SUPPLIES"", ""score"": 0.0, ""definition"": ""Tape, Stretch Wrap, Strapping, Dunnage, Void Fill, Mailers/Shipping Envelopes""}, {""l2"": ""PACKAGING PRODUCTS"", ""l3"": ""CORES & TUBES"", ""score"": 0.0, ""definition"": ""Cores and or tubes used for storage or distribution""}]","Box erectors, palletizers, pack-size machines that make custom boxes"
Packaging,Equipment & Auxiliar,Packaging Equipment,EQUIPMENT,PACKAGING EQUIPMENT,0.7126423463055725,similarity_search,"[{""l2"": ""EQUIPMENT"", ""l3"": ""PACKAGING EQUIPMENT"", ""score"": 0.0, ""definition"": ""Box erectors, palletizers, pack-size machines that make custom boxes""}, {""l2"": ""PACKAGING SUPPLIES"", ""l3"": ""PACKAGING SUPPLIES"", ""score"": 0.0, ""definition"": ""Tape, Stretch Wrap, Strapping, Dunnage, Void Fill, Mailers/Shipping Envelopes""}, {""l2"": ""PACKAGING PRODUCTS"", ""l3"": ""BAGS & SACKS"", ""score"": 0.0, ""definition"": ""Bulk containers used to store or transport solids or powder goods""}]","Box erectors, palletizers, pack-size machines that make custom boxes"
Packaging,Labels,Label,PRINT SUPPLIES,LABELS,0.6017340537785206,similarity_search,"[{""l2"": ""PRINT SUPPLIES"", ""l3"": ""LABELS"", ""score"": 0.0, ""definition"": ""Any barcode, label, tag (non-adhesive label), RFID that is printed on or attached to products for tracking purposes""}, {""l2"": ""PACKAGING PRODUCTS"", ""l3"": ""RETAIL PACKAGING"", ""score"": 0.0, ""definition"": ""Packaging of a single product to share with an end consumer""}, {""l2"": ""PACKAGING PRODUCTS"", ""l3"": ""ECOMMERCE PACKAGING"", ""score"": 0.0, ""definition"": ""Packaging with set criteria outlining the size, material, and dimensions for a product or company""}]","Any barcode, label, tag (non-adhesive label), RFID that is printed on or attached to products for tracking purposes"
Packaging,Miscellaneuos,Delivery slip,PACKAGING PRODUCTS,RETAIL PACKAGING,0.5386224870642284,similarity_search,"[{""l2"": ""PACKAGING PRODUCTS"", ""l3"": ""RETAIL PACKAGING"", ""score"": 0.0, ""definition"": ""Packaging of a single product to share with an end consumer""}, {""l2"": ""PACKAGING SUPPLIES"", ""l3"": ""PACKAGING SUPPLIES"", ""score"": 0.0, ""definition"": ""Tape, Stretch Wrap, Strapping, Dunnage, Void Fill, Mailers/Shipping Envelopes""}, {""l2"": ""PACKAGING SUPPLIES"", ""l3"": ""MAILERS & PACKING ENVELOPES"", ""score"": 0.0, ""definition"": ""Paper containers to transport letters or documents""}]",Packaging of a single product to share with an end consumer
Packaging,Miscellaneuos,Hangers,PACKAGING PRODUCTS,RETAIL PACKAGING,0.5030447537223025,similarity_search,"[{""l2"": ""PACKAGING PRODUCTS"", ""l3"": ""RETAIL PACKAGING"", ""score"": 0.0, ""definition"": ""Packaging of a single product to share with an end consumer""}, {""l2"": ""PACKAGING SUPPLIES"", ""l3"": ""PACKAGING SUPPLIES"", ""score"": 0.0, ""definition"": ""Tape, Stretch Wrap, Strapping, Dunnage, Void Fill, Mailers/Shipping Envelopes""}, {""l2"": ""PACKAGING SUPPLIES"", ""l3"": ""RETAIL DISPLAYS"", ""score"": 0.0, ""definition"": ""Point of purchase displays located next to a product for advertising""}]",Packaging of a single product to share with an end consumer
Packaging,Miscellaneuos,Miscellaneous Others,PACKAGING PRODUCTS,RETAIL PACKAGING,0.5269056715639138,similarity_search,"[{""l2"": ""PACKAGING PRODUCTS"", ""l3"": ""RETAIL PACKAGING"", ""score"": 0.0, ""definition"": ""Packaging of a single product to share with an end consumer""}, {""l2"": ""PACKAGING SUPPLIES"", ""l3"": ""PACKAGING SUPPLIES"", ""score"": 0.0, ""definition"": ""Tape, Stretch Wrap, Strapping, Dunnage, Void Fill, Mailers/Shipping Envelopes""}, {""l2"": ""CORPORATE OFFICE"", ""l3"": ""SUNDRIES"", ""score"": 0.0, ""definition"": ""General goods purchased for office use""}]",Packaging of a single product to share with an end consumer
Packaging,Paper Bag,Paper Beauty Bag,PACKAGING PRODUCTS,FLEXIBLE PACKAGING,0.506347373317104,similarity_search,"[{""l2"": ""PACKAGING PRODUCTS"", ""l3"": ""FLEXIBLE PACKAGING"", ""score"": 0.0, ""definition"": ""Containers whose shape can be readily changed Ex Bag or pouch""}, {""l2"": ""PRINT SUPPLIES"", ""l3"": ""ENVELOPES"", ""score"": 0.0, ""definition"": ""Paper""}, {""l2"": ""PACKAGING PRODUCTS"", ""l3"": ""BAGS & SACKS"", ""score"": 0.0, ""definition"": ""Bulk containers used to store or transport solids or powder goods""}]",Containers whose shape can be readily changed Ex Bag or pouch
Packaging,Paper Bag,Paper shipping bag,PACKAGING SUPPLIES,MAILERS & PACKING ENVELOPES,0.5922227391931172,similarity_search,"[{""l2"": ""PACKAGING SUPPLIES"", ""l3"": ""MAILERS & PACKING ENVELOPES"", ""score"": 0.0, ""definition"": ""Paper containers to transport letters or documents""}, {""l2"": ""PACKAGING PRODUCTS"", ""l3"": ""CORRUGATED"", ""score"": 0.0, ""definition"": ""Standard, durable brown shipping box to transport materials - different sizes available""}, {""l2"": ""PACKAGING PRODUCTS"", ""l3"": ""BAGS & SACKS"", ""score"": 0.0, ""definition"": ""Bulk containers used to store or transport solids or powder goods""}]",Paper containers to transport letters or documents
Packaging,Plastic Bag,Polybag,PACKAGING PRODUCTS,FLEXIBLE PACKAGING,0.6036764506908043,similarity_search,"[{""l2"": ""PACKAGING PRODUCTS"", ""l3"": ""FLEXIBLE PACKAGING"", ""score"": 0.0, ""definition"": ""Containers whose shape can be readily changed Ex Bag or pouch""}, {""l2"": ""PACKAGING PRODUCTS"", ""l3"": ""BAGS & SACKS"", ""score"": 0.0, ""definition"": ""Bulk containers used to store or transport solids or powder goods""}, {""l2"": ""PACKAGING SUPPLIES"", ""l3"": ""STRETCH / SHRINK WRAP"", ""score"": 0.0, ""definition"": ""Plastic or shrink wrap""}]",Containers whose shape can be readily changed Ex Bag or pouch
Packaging,Plastic Bag,Shipping Bags,PACKAGING PRODUCTS,BAGS & SACKS,0.6104569435119672,similarity_search,"[{""l2"": ""PACKAGING PRODUCTS"", ""l3"": ""BAGS & SACKS"", ""score"": 0.0, ""definition"": ""Bulk containers used to store or transport solids or powder goods""}, {""l2"": ""PACKAGING SUPPLIES"", ""l3"": ""PACKAGING SUPPLIES"", ""score"": 0.0, ""definition"": ""Tape, Stretch Wrap, Strapping, Dunnage, Void Fill, Mailers/Shipping Envelopes""}, {""l2"": ""PACKAGING SUPPLIES"", ""l3"": ""STRETCH / SHRINK WRAP"", ""score"": 0.0, ""definition"": ""Plastic or shrink wrap""}]",Bulk containers used to store or transport solids or powder goods
Payments & Corporate Services,Consulting & Advisory,Financial Advisory & Financial Audits,ACCOUNTING & AUDITING,ACCOUNTING & AUDITING,0.6766540417063897,similarity_search,"[{""l2"": ""ACCOUNTING & AUDITING"", ""l3"": ""ACCOUNTING & AUDITING"", ""score"": 0.0, ""definition"": ""Accounting and auditing related services""}, {""l2"": ""ADVISORY & MANAGEMENT CONSULTING"", ""l3"": ""FINANCIAL & RISK ADVISORY"", ""score"": 0.0, ""definition"": ""Outsourced consulting services to help reduce, manage and mitigate financial risk""}, {""l2"": ""ADVISORY & MANAGEMENT CONSULTING"", ""l3"": ""ADVISORY & MANAGEMENT CONSULTING"", ""score"": 0.0, ""definition"": ""Outsourced consulting services related to strategic planning, business and operating model strategy, mergers & acquisitions, international expansion / development, and others""}]",Accounting and auditing related services
Payments & Corporate Services,Consulting & Advisory,Legal Patents & IP Rights,ADVISORY & MANAGEMENT CONSULTING,ADVISORY & MANAGEMENT CONSULTING,0.5203420233930373,similarity_search,"[{""l2"": ""ADVISORY & MANAGEMENT CONSULTING"", ""l3"": ""ADVISORY & MANAGEMENT CONSULTING"", ""score"": 0.0, ""definition"": ""Outsourced consulting services related to strategic planning, business and operating model strategy, mergers & acquisitions, international expansion / development, and others""}, {""l2"": ""LEGAL SERVICES"", ""l3"": ""LEGAL SERVICES"", ""score"": 0.0, ""definition"": ""Legal firms providing a variety of standard business related services""}, {""l2"": ""LEGAL SERVICES"", ""l3"": ""ARBITRATION & MEDIATION"", ""score"": 0.0, ""definition"": ""Legal firms providing arbitration and mediation advise""}]","Outsourced consulting services related to strategic planning, business and operating model strategy, mergers & acquisitions, international expansion / development, and others"
Payments & Corporate Services,Consulting & Advisory,Legal Services & Advisory,ADVISORY & MANAGEMENT CONSULTING,ADVISORY & MANAGEMENT CONSULTING,0.6489534764858184,similarity_search,"[{""l2"": ""ADVISORY & MANAGEMENT CONSULTING"", ""l3"": ""ADVISORY & MANAGEMENT CONSULTING"", ""score"": 0.0, ""definition"": ""Outsourced consulting services related to strategic planning, business and operating model strategy, mergers & acquisitions, international expansion / development, and others""}, {""l2"": ""ADVISORY & MANAGEMENT CONSULTING"", ""l3"": ""FINANCIAL & RISK ADVISORY"", ""score"": 0.0, ""definition"": ""Outsourced consulting services to help reduce, manage and mitigate financial risk""}, {""l2"": ""ACCOUNTING & AUDITING"", ""l3"": ""ACCOUNTING & AUDITING"", ""score"": 0.0, ""definition"": ""Accounting and auditing related services""}]","Outsourced consulting services related to strategic planning, business and operating model strategy, mergers & acquisitions, international expansion / development, and others"
Payments & Corporate Services,Consulting & Advisory,Logistics & Operations Consulting,ADVISORY & MANAGEMENT CONSULTING,ADVISORY & MANAGEMENT CONSULTING,0.6447363476219491,similarity_search,"[{""l2"": ""ADVISORY & MANAGEMENT CONSULTING"", ""l3"": ""ADVISORY & MANAGEMENT CONSULTING"", ""score"": 0.0, ""definition"": ""Outsourced consulting services related to strategic planning, business and operating model strategy, mergers & acquisitions, international expansion / development, and others""}, {""l2"": ""ADVISORY & MANAGEMENT CONSULTING"", ""l3"": ""FINANCIAL & RISK ADVISORY"", ""score"": 0.0, ""definition"": ""Outsourced consulting services to help reduce, manage and mitigate financial risk""}, {""l2"": ""FREIGHT SERVICES"", ""l3"": ""CUSTOMS BROKERAGE"", ""score"": 0.0, ""definition"": ""Outsourced brokerage services for transportation and logistic purposes""}]","Outsourced consulting services related to strategic planning, business and operating model strategy, mergers & acquisitions, international expansion / development, and others"
Payments & Corporate Services,Consulting & Advisory,Management & Business Consulting,ADVISORY & MANAGEMENT CONSULTING,ADVISORY & MANAGEMENT CONSULTING,0.7052421149467274,similarity_search,"[{""l2"": ""ADVISORY & MANAGEMENT CONSULTING"", ""l3"": ""ADVISORY & MANAGEMENT CONSULTING"", ""score"": 0.0, ""definition"": ""Outsourced consulting services related to strategic planning, business and operating model strategy, mergers & acquisitions, international expansion / development, and others""}, {""l2"": ""ADVISORY & MANAGEMENT CONSULTING"", ""l3"": ""FINANCIAL & RISK ADVISORY"", ""score"": 0.0, ""definition"": ""Outsourced consulting services to help reduce, manage and mitigate financial risk""}, {""l2"": ""ACCOUNTING & AUDITING"", ""l3"": ""ACCOUNTING & AUDITING"", ""score"": 0.0, ""definition"": ""Accounting and auditing related services""}]","Outsourced consulting services related to strategic planning, business and operating model strategy, mergers & acquisitions, international expansion / development, and others"
Payments & Corporate Services,Consulting & Advisory,Other Consulting,ADVISORY & MANAGEMENT CONSULTING,ADVISORY & MANAGEMENT CONSULTING,0.6894794702529956,similarity_search,"[{""l2"": ""ADVISORY & MANAGEMENT CONSULTING"", ""l3"": ""ADVISORY & MANAGEMENT CONSULTING"", ""score"": 0.0, ""definition"": ""Outsourced consulting services related to strategic planning, business and operating model strategy, mergers & acquisitions, international expansion / development, and others""}, {""l2"": ""ADVISORY & MANAGEMENT CONSULTING"", ""l3"": ""FINANCIAL & RISK ADVISORY"", ""score"": 0.0, ""definition"": ""Outsourced consulting services to help reduce, manage and mitigate financial risk""}, {""l2"": ""ACCOUNTING & AUDITING"", ""l3"": ""ACCOUNTING & AUDITING"", ""score"": 0.0, ""definition"": ""Accounting and auditing related services""}]","Outsourced consulting services related to strategic planning, business and operating model strategy, mergers & acquisitions, international expansion / development, and others"
Payments & Corporate Services,Consulting & Advisory,Tax Compliance,ACCOUNTING & AUDITING,TAX SERVICES,0.6805132221869706,similarity_search,"[{""l2"": ""ACCOUNTING & AUDITING"", ""l3"": ""TAX SERVICES"", ""score"": 0.0, ""definition"": ""Tax related services""}, {""l2"": ""ACCOUNTING & AUDITING"", ""l3"": ""ACCOUNTING & AUDITING"", ""score"": 0.0, ""definition"": ""Accounting and auditing related services""}, {""l2"": ""ADVISORY & MANAGEMENT CONSULTING"", ""l3"": ""FINANCIAL & RISK ADVISORY"", ""score"": 0.0, ""definition"": ""Outsourced consulting services to help reduce, manage and mitigate financial risk""}]",Tax related services
Payments & Corporate Services,Consulting & Advisory,Tax Services & Advisory,ACCOUNTING & AUDITING,TAX SERVICES,0.7073263874857014,similarity_search,"[{""l2"": ""ACCOUNTING & AUDITING"", ""l3"": ""TAX SERVICES"", ""score"": 0.0, ""definition"": ""Tax related services""}, {""l2"": ""ACCOUNTING & AUDITING"", ""l3"": ""ACCOUNTING & AUDITING"", ""score"": 0.0, ""definition"": ""Accounting and auditing related services""}, {""l2"": ""ADVISORY & MANAGEMENT CONSULTING"", ""l3"": ""ADVISORY & MANAGEMENT CONSULTING"", ""score"": 0.0, ""definition"": ""Outsourced consulting services related to strategic planning, business and operating model strategy, mergers & acquisitions, international expansion / development, and others""}]",Tax related services
Payments & Corporate Services,Customer & Partner Services,Customer Care Services,CORPORATE SERVICES,CREDIT CARD PROCESSING,0.6063086986541791,similarity_search,"[{""l2"": ""CORPORATE SERVICES"", ""l3"": ""CREDIT CARD PROCESSING"", ""score"": 0.0, ""definition"": ""Electronic payment processing services""}, {""l2"": ""BANKING SERVICES"", ""l3"": ""FINANCIAL TECHNOLOGY SERVICES"", ""score"": 0.0, ""definition"": ""Companies offering core banking and payment/data processing solutions; often deliver broad portfolio of products and services""}, {""l2"": ""CORPORATE SERVICES"", ""l3"": ""CONSUMER FINANCING"", ""score"": 0.0, ""definition"": ""Lending and payment plans offered by financial institutions directly to consumers""}]",Electronic payment processing services
Payments & Corporate Services,Customer & Partner Services,Partner Care Services,CORPORATE SERVICES,CREDIT CARD PROCESSING,0.5771490003390614,similarity_search,"[{""l2"": ""CORPORATE SERVICES"", ""l3"": ""CREDIT CARD PROCESSING"", ""score"": 0.0, ""definition"": ""Electronic payment processing services""}, {""l2"": ""BANKING SERVICES"", ""l3"": ""FINANCIAL TECHNOLOGY SERVICES"", ""score"": 0.0, ""definition"": ""Companies offering core banking and payment/data processing solutions; often deliver broad portfolio of products and services""}, {""l2"": ""CORPORATE SERVICES"", ""l3"": ""CONSUMER FINANCING"", ""score"": 0.0, ""definition"": ""Lending and payment plans offered by financial institutions directly to consumers""}]",Electronic payment processing services
Payments & Corporate Services,External Workforce - Freelancing,Freelancing (creative),MARKETING SERVICES,FREELANCERS,0.6826507231413504,similarity_search,"[{""l2"": ""MARKETING SERVICES"", ""l3"": ""FREELANCERS"", ""score"": 0.0, ""definition"": ""Self-employed workers performing contracted labor for a temporary employer""}, {""l2"": ""HR SERVICES"", ""l3"": ""CONTINGENT LABOR"", ""score"": 0.0, ""definition"": ""Services including recruiting, background screening/testing and payrolling of a temporary/contingent labor employees""}, {""l2"": ""IT SERVICES"", ""l3"": ""IT STAFFING"", ""score"": 0.0, ""definition"": ""IT staff augmentation and temporary contractors, hired to fill a specific need within a client-led business unit or team Can be both direct or through MSP""}]",Self-employed workers performing contracted labor for a temporary employer
Payments & Corporate Services,External Workforce - Freelancing,Freelancing (non-creative),MARKETING SERVICES,FREELANCERS,0.6814767501978028,similarity_search,"[{""l2"": ""MARKETING SERVICES"", ""l3"": ""FREELANCERS"", ""score"": 0.0, ""definition"": ""Self-employed workers performing contracted labor for a temporary employer""}, {""l2"": ""HR SERVICES"", ""l3"": ""CONTINGENT LABOR"", ""score"": 0.0, ""definition"": ""Services including recruiting, background screening/testing and payrolling of a temporary/contingent labor employees""}, {""l2"": ""HR SERVICES"", ""l3"": ""HR OUTSOURCING"", ""score"": 0.0, ""definition"": ""HR services and functions transferred from an employer to external third-party provider""}]",Self-employed workers performing contracted labor for a temporary employer
Payments & Corporate Services,External Workforce - Temporary Labour,Office & Executive Temp Labour,MARKETING SERVICES,FREELANCERS,0.5933277076487868,similarity_search,"[{""l2"": ""MARKETING SERVICES"", ""l3"": ""FREELANCERS"", ""score"": 0.0, ""definition"": ""Self-employed workers performing contracted labor for a temporary employer""}, {""l2"": ""HR SERVICES"", ""l3"": ""CONTINGENT LABOR"", ""score"": 0.0, ""definition"": ""Services including recruiting, background screening/testing and payrolling of a temporary/contingent labor employees""}, {""l2"": ""CORPORATE OFFICE"", ""l3"": ""MEETING / COWORKING SPACES"", ""score"": 0.0, ""definition"": ""Temporary office space for short term rent/coworking""}]",Self-employed workers performing contracted labor for a temporary employer
Payments & Corporate Services,External Workforce - Temporary Labour,Store Temp Labour,HR SERVICES,CONTINGENT LABOR,0.5777761406373568,similarity_search,"[{""l2"": ""HR SERVICES"", ""l3"": ""CONTINGENT LABOR"", ""score"": 0.0, ""definition"": ""Services including recruiting, background screening/testing and payrolling of a temporary/contingent labor employees""}, {""l2"": ""FLEET SERVICES"", ""l3"": ""DRIVER STAFFING"", ""score"": 0.0, ""definition"": ""Temporary staffing of drivers""}, {""l2"": ""MARKETING SERVICES"", ""l3"": ""FREELANCERS"", ""score"": 0.0, ""definition"": ""Self-employed workers performing contracted labor for a temporary employer""}]","Services including recruiting, background screening/testing and payrolling of a temporary/contingent labor employees"
Payments & Corporate Services,External Workforce - Temporary Labour,Warehouse Temp Labour,HR SERVICES,CONTINGENT LABOR,0.5679096498597247,similarity_search,"[{""l2"": ""HR SERVICES"", ""l3"": ""CONTINGENT LABOR"", ""score"": 0.0, ""definition"": ""Services including recruiting, background screening/testing and payrolling of a temporary/contingent labor employees""}, {""l2"": ""FLEET SERVICES"", ""l3"": ""DRIVER STAFFING"", ""score"": 0.0, ""definition"": ""Temporary staffing of drivers""}, {""l2"": ""MARKETING SERVICES"", ""l3"": ""FREELANCERS"", ""score"": 0.0, ""definition"": ""Self-employed workers performing contracted labor for a temporary employer""}]","Services including recruiting, background screening/testing and payrolling of a temporary/contingent labor employees"
Payments & Corporate Services,Gift Cards,Gift Cards - Production,PRINT SUPPLIES,GIFT & LOYALTY CARDS,0.6526590171645901,similarity_search,"[{""l2"": ""PRINT SUPPLIES"", ""l3"": ""GIFT & LOYALTY CARDS"", ""score"": 0.0, ""definition"": ""Services that help purchase and share gifts or loyalty cards to customers""}, {""l2"": ""CORPORATE SERVICES"", ""l3"": ""CREDIT CARD PROCESSING"", ""score"": 0.0, ""definition"": ""Electronic payment processing services""}, {""l2"": ""CORPORATE OFFICE"", ""l3"": ""FLOWERS & GIFTS"", ""score"": 0.0, ""definition"": ""Flowers, baby / retirement / congrats gifts, one-off employee recognition awards (smaller spend), gift card purchases from book stores, clothing stores, etc.""}]",Services that help purchase and share gifts or loyalty cards to customers
Payments & Corporate Services,Gift Cards,Gift Cards - Resell Services & Commissions,PRINT SUPPLIES,GIFT & LOYALTY CARDS,0.6488979829695798,similarity_search,"[{""l2"": ""PRINT SUPPLIES"", ""l3"": ""GIFT & LOYALTY CARDS"", ""score"": 0.0, ""definition"": ""Services that help purchase and share gifts or loyalty cards to customers""}, {""l2"": ""CORPORATE SERVICES"", ""l3"": ""CREDIT CARD PROCESSING"", ""score"": 0.0, ""definition"": ""Electronic payment processing services""}, {""l2"": ""TRAVEL MANAGEMENT"", ""l3"": ""TRAVEL CARD"", ""score"": 0.0, ""definition"": ""Travel credit card payments and reimbursements""}]",Services that help purchase and share gifts or loyalty cards to customers
Payments & Corporate Services,Gift Cards,Gift Cards Production,PRINT SUPPLIES,GIFT & LOYALTY CARDS,0.658735433741537,similarity_search,"[{""l2"": ""PRINT SUPPLIES"", ""l3"": ""GIFT & LOYALTY CARDS"", ""score"": 0.0, ""definition"": ""Services that help purchase and share gifts or loyalty cards to customers""}, {""l2"": ""CORPORATE SERVICES"", ""l3"": ""CREDIT CARD PROCESSING"", ""score"": 0.0, ""definition"": ""Electronic payment processing services""}, {""l2"": ""CORPORATE OFFICE"", ""l3"": ""FLOWERS & GIFTS"", ""score"": 0.0, ""definition"": ""Flowers, baby / retirement / congrats gifts, one-off employee recognition awards (smaller spend), gift card purchases from book stores, clothing stores, etc.""}]",Services that help purchase and share gifts or loyalty cards to customers
Payments & Corporate Services,Insurance / Association & membership,Fees for Associations & Memberships,CORPORATE SERVICES,MEMBERSHIPS,0.6638224122365513,similarity_search,"[{""l2"": ""CORPORATE SERVICES"", ""l3"": ""MEMBERSHIPS"", ""score"": 0.0, ""definition"": ""Professional organization memberships, associations, councils""}, {""l2"": ""CORPORATE SERVICES"", ""l3"": ""DUES & SUBSCRIPTIONS"", ""score"": 0.0, ""definition"": ""Industry Reports, Magazines, Newspapers, Streaming Services""}, {""l2"": ""CORPORATE SERVICES"", ""l3"": ""BANKING SERVICES"", ""score"": 0.0, ""definition"": ""Bank fees that are not interest / debt financing""}]","Professional organization memberships, associations, councils"
Payments & Corporate Services,Insurance / Association & membership,Insurances,CORPORATE SERVICES,MEMBERSHIPS,0.6377237655089053,similarity_search,"[{""l2"": ""CORPORATE SERVICES"", ""l3"": ""MEMBERSHIPS"", ""score"": 0.0, ""definition"": ""Professional organization memberships, associations, councils""}, {""l2"": ""INSURANCE & BENEFITS"", ""l3"": ""INSURANCE & BENEFITS"", ""score"": 0.0, ""definition"": ""General employee insurance & benefits services""}, {""l2"": ""CORPORATE SERVICES"", ""l3"": ""INSURANCE PREMIUM FINANCING"", ""score"": 0.0, ""definition"": ""Lending of funds to cover the cost of an insurance premium""}]","Professional organization memberships, associations, councils"
Payments & Corporate Services,"Non-Financial Audits, Appraisals and Technical Inspections","Compliance Services, Certifications & Appraisals",ACCOUNTING & AUDITING,ACCOUNTING & AUDITING,0.6309796695964842,similarity_search,"[{""l2"": ""ACCOUNTING & AUDITING"", ""l3"": ""ACCOUNTING & AUDITING"", ""score"": 0.0, ""definition"": ""Accounting and auditing related services""}, {""l2"": ""ACCOUNTING & AUDITING"", ""l3"": ""TAX SERVICES"", ""score"": 0.0, ""definition"": ""Tax related services""}, {""l2"": ""SOFTWARE"", ""l3"": ""GOVERNANCE, RISK & COMPLIANCE"", ""score"": 0.0, ""definition"": ""Platforms or services for managing compliance obligations, enterprise risk, audit trails, and corporate governance policies.""}]",Accounting and auditing related services
Payments & Corporate Services,"Non-Financial Audits, Appraisals and Technical Inspections",Non-Financial Audits,ACCOUNTING & AUDITING,ACCOUNTING & AUDITING,0.6378818508806605,similarity_search,"[{""l2"": ""ACCOUNTING & AUDITING"", ""l3"": ""ACCOUNTING & AUDITING"", ""score"": 0.0, ""definition"": ""Accounting and auditing related services""}, {""l2"": ""ACCOUNTING & AUDITING"", ""l3"": ""TAX SERVICES"", ""score"": 0.0, ""definition"": ""Tax related services""}, {""l2"": ""CORPORATE SERVICES"", ""l3"": ""BANKING SERVICES"", ""score"": 0.0, ""definition"": ""Bank fees that are not interest / debt financing""}]",Accounting and auditing related services
Payments & Corporate Services,"Non-Financial Audits, Appraisals and Technical Inspections",Product testing and compliance services,ACCOUNTING & AUDITING,ACCOUNTING & AUDITING,0.6000653207399431,similarity_search,"[{""l2"": ""ACCOUNTING & AUDITING"", ""l3"": ""ACCOUNTING & AUDITING"", ""score"": 0.0, ""definition"": ""Accounting and auditing related services""}, {""l2"": ""ACCOUNTING & AUDITING"", ""l3"": ""TAX SERVICES"", ""score"": 0.0, ""definition"": ""Tax related services""}, {""l2"": ""MRO SERVICES"", ""l3"": ""OUTSIDE TESTING & RESEARCH"", ""score"": 0.0, ""definition"": ""Outside testing and research services provide third-party scientific analysis, validation, or product testing across industries. These may include material testing, environmental studies, and performance assessments. Independent laboratories ensure objectivity, compliance, and certification to standards like ASTM, ISO, or EPA. Outsourced testing enhances product quality, safety assurance, and regulatory readiness without internal infrastructure costs.""}]",Accounting and auditing related services
Payments & Corporate Services,"Non-Financial Audits, Appraisals and Technical Inspections",Technical inspections,ACCOUNTING & AUDITING,ACCOUNTING & AUDITING,0.5606238819470162,similarity_search,"[{""l2"": ""ACCOUNTING & AUDITING"", ""l3"": ""ACCOUNTING & AUDITING"", ""score"": 0.0, ""definition"": ""Accounting and auditing related services""}, {""l2"": ""ACCOUNTING & AUDITING"", ""l3"": ""TAX SERVICES"", ""score"": 0.0, ""definition"": ""Tax related services""}, {""l2"": ""BUILDING REPAIR & MAINTENANCE"", ""l3"": ""BUILDING ENGINEERING SERVICES"", ""score"": 0.0, ""definition"": ""Engineering or hard services related to building installation, repair, and maintenance""}]",Accounting and auditing related services
Payments & Corporate Services,P&O Services,Employee Relocation Services,RELOCATION SERVICES,RELOCATION SERVICES,0.7469739468709381,similarity_search,"[{""l2"": ""RELOCATION SERVICES"", ""l3"": ""RELOCATION SERVICES"", ""score"": 0.0, ""definition"": ""Employee relocation services""}, {""l2"": ""RELOCATION SERVICES"", ""l3"": ""MOVING SERVICES"", ""score"": 0.0, ""definition"": ""Packing and moving services""}, {""l2"": ""HR SERVICES"", ""l3"": ""OUTPLACEMENT SERVICES"", ""score"": 0.0, ""definition"": ""Support service provided by organizations to support individuals who are exiting the business (voluntarily or involuntarily) - to help former employees transition to new jobs and help them re-orient themselves in the job market.""}]",Employee relocation services
Payments & Corporate Services,P&O Services,Other P&O Services,CORPORATE SERVICES,CREDIT CARD PROCESSING,0.5290056467056312,similarity_search,"[{""l2"": ""CORPORATE SERVICES"", ""l3"": ""CREDIT CARD PROCESSING"", ""score"": 0.0, ""definition"": ""Electronic payment processing services""}, {""l2"": ""CORPORATE SERVICES"", ""l3"": ""BANKING SERVICES"", ""score"": 0.0, ""definition"": ""Bank fees that are not interest / debt financing""}, {""l2"": ""BANKING SERVICES"", ""l3"": ""FINANCIAL TECHNOLOGY SERVICES"", ""score"": 0.0, ""definition"": ""Companies offering core banking and payment/data processing solutions; often deliver broad portfolio of products and services""}]",Electronic payment processing services
Payments & Corporate Services,P&O Services,Payroll Services,HR SERVICES,PAYROLL PROCESSING,0.671161492397707,similarity_search,"[{""l2"": ""HR SERVICES"", ""l3"": ""PAYROLL PROCESSING"", ""score"": 0.0, ""definition"": ""Payroll processing providers""}, {""l2"": ""CORPORATE SERVICES"", ""l3"": ""CREDIT CARD PROCESSING"", ""score"": 0.0, ""definition"": ""Electronic payment processing services""}, {""l2"": ""SOFTWARE"", ""l3"": ""HCM & PAYROLL SOLUTIONS"", ""score"": 0.0, ""definition"": ""Human Capital Management (HCM) and payroll solutions manage employee information, compensation, benefits, and compliance processes. These systems automate payroll processing, time tracking, onboarding, and performance management. HCM software often includes analytics and self-service portals to improve employee engagement and administrative efficiency. By integrating HR and payroll functions, organizations ensure accuracy, regulatory compliance, and a seamless employee experience from hire to retirement.""}]",Payroll processing providers
Payments & Corporate Services,Payments Services,Collection Services,CORPORATE SERVICES,CREDIT CARD PROCESSING,0.6447781324386642,similarity_search,"[{""l2"": ""CORPORATE SERVICES"", ""l3"": ""CREDIT CARD PROCESSING"", ""score"": 0.0, ""definition"": ""Electronic payment processing services""}, {""l2"": ""BUSINESS PROCESS OUTSOURCING (BPO)"", ""l3"": ""COLLECTION SERVICES"", ""score"": 0.0, ""definition"": ""Debt collection services, also known as Accounts Receivable outsourcing""}, {""l2"": ""CORPORATE SERVICES"", ""l3"": ""CONSUMER FINANCING"", ""score"": 0.0, ""definition"": ""Lending and payment plans offered by financial institutions directly to consumers""}]",Electronic payment processing services
Payments & Corporate Services,Payments Services,Credit Card Acquiring,CORPORATE SERVICES,CREDIT CARD PROCESSING,0.7153294343148988,similarity_search,"[{""l2"": ""CORPORATE SERVICES"", ""l3"": ""CREDIT CARD PROCESSING"", ""score"": 0.0, ""definition"": ""Electronic payment processing services""}, {""l2"": ""CORPORATE SERVICES"", ""l3"": ""CONSUMER FINANCING"", ""score"": 0.0, ""definition"": ""Lending and payment plans offered by financial institutions directly to consumers""}, {""l2"": ""TRAVEL MANAGEMENT"", ""l3"": ""TRAVEL CARD"", ""score"": 0.0, ""definition"": ""Travel credit card payments and reimbursements""}]",Electronic payment processing services
Payments & Corporate Services,Payments Services,"Customer Solvency, Risk & Fraud Prevention Services",CORPORATE SERVICES,CREDIT CARD PROCESSING,0.585008196682471,similarity_search,"[{""l2"": ""CORPORATE SERVICES"", ""l3"": ""CREDIT CARD PROCESSING"", ""score"": 0.0, ""definition"": ""Electronic payment processing services""}, {""l2"": ""BANKING SERVICES"", ""l3"": ""FINANCIAL TECHNOLOGY SERVICES"", ""score"": 0.0, ""definition"": ""Companies offering core banking and payment/data processing solutions; often deliver broad portfolio of products and services""}, {""l2"": ""CORPORATE SERVICES"", ""l3"": ""CONSUMER FINANCING"", ""score"": 0.0, ""definition"": ""Lending and payment plans offered by financial institutions directly to consumers""}]",Electronic payment processing services
Payments & Corporate Services,Payments Services,Dunning Services,CORPORATE SERVICES,CREDIT CARD PROCESSING,0.5893251406341958,similarity_search,"[{""l2"": ""CORPORATE SERVICES"", ""l3"": ""CREDIT CARD PROCESSING"", ""score"": 0.0, ""definition"": ""Electronic payment processing services""}, {""l2"": ""CORPORATE SERVICES"", ""l3"": ""BANKING SERVICES"", ""score"": 0.0, ""definition"": ""Bank fees that are not interest / debt financing""}, {""l2"": ""BANKING SERVICES"", ""l3"": ""FINANCIAL TECHNOLOGY SERVICES"", ""score"": 0.0, ""definition"": ""Companies offering core banking and payment/data processing solutions; often deliver broad portfolio of products and services""}]",Electronic payment processing services
Payments & Corporate Services,Payments Services,"Partner Solvency, Risk & Fraud Prevention Services",CORPORATE SERVICES,CREDIT CARD PROCESSING,0.5678059370344227,similarity_search,"[{""l2"": ""CORPORATE SERVICES"", ""l3"": ""CREDIT CARD PROCESSING"", ""score"": 0.0, ""definition"": ""Electronic payment processing services""}, {""l2"": ""BANKING SERVICES"", ""l3"": ""FINANCIAL TECHNOLOGY SERVICES"", ""score"": 0.0, ""definition"": ""Companies offering core banking and payment/data processing solutions; often deliver broad portfolio of products and services""}, {""l2"": ""ADVISORY & MANAGEMENT CONSULTING"", ""l3"": ""FINANCIAL & RISK ADVISORY"", ""score"": 0.0, ""definition"": ""Outsourced consulting services to help reduce, manage and mitigate financial risk""}]",Electronic payment processing services
Payments & Corporate Services,Payments Services,Payment Processing Services,CORPORATE SERVICES,CREDIT CARD PROCESSING,0.7862962356982386,similarity_search,"[{""l2"": ""CORPORATE SERVICES"", ""l3"": ""CREDIT CARD PROCESSING"", ""score"": 0.0, ""definition"": ""Electronic payment processing services""}, {""l2"": ""BANKING SERVICES"", ""l3"": ""FINANCIAL TECHNOLOGY SERVICES"", ""score"": 0.0, ""definition"": ""Companies offering core banking and payment/data processing solutions; often deliver broad portfolio of products and services""}, {""l2"": ""HR SERVICES"", ""l3"": ""PAYROLL PROCESSING"", ""score"": 0.0, ""definition"": ""Payroll processing providers""}]",Electronic payment processing services
Payments & Corporate Services,Translation Services,Interpreting,TRANSLATION SERVICES,TRANSLATION SERVICES,0.5532937709443296,similarity_search,"[{""l2"": ""TRANSLATION SERVICES"", ""l3"": ""TRANSLATION SERVICES"", ""score"": 0.0, ""definition"": ""Foreign language translation services, in either a written or verbal format""}, {""l2"": ""CORPORATE SERVICES"", ""l3"": ""CREDIT CARD PROCESSING"", ""score"": 0.0, ""definition"": ""Electronic payment processing services""}, {""l2"": ""ACCOUNTING & AUDITING"", ""l3"": ""ACCOUNTING & AUDITING"", ""score"": 0.0, ""definition"": ""Accounting and auditing related services""}]","Foreign language translation services, in either a written or verbal format"
Payments & Corporate Services,Translation Services,"Translations (text, dubbing, localisation, other)",TRANSLATION SERVICES,TRANSLATION SERVICES,0.5292436515383305,similarity_search,"[{""l2"": ""TRANSLATION SERVICES"", ""l3"": ""TRANSLATION SERVICES"", ""score"": 0.0, ""definition"": ""Foreign language translation services, in either a written or verbal format""}, {""l2"": ""CORPORATE SERVICES"", ""l3"": ""CREDIT CARD PROCESSING"", ""score"": 0.0, ""definition"": ""Electronic payment processing services""}, {""l2"": ""BANKING SERVICES"", ""l3"": ""FINANCIAL TECHNOLOGY SERVICES"", ""score"": 0.0, ""definition"": ""Companies offering core banking and payment/data processing solutions; often deliver broad portfolio of products and services""}]","Foreign language translation services, in either a written or verbal format"
Payments & Corporate Services,Treasury and Financing Services,Cash Management,CORPORATE SERVICES,CREDIT CARD PROCESSING,0.5550978183746378,similarity_search,"[{""l2"": ""CORPORATE SERVICES"", ""l3"": ""CREDIT CARD PROCESSING"", ""score"": 0.0, ""definition"": ""Electronic payment processing services""}, {""l2"": ""CORPORATE SERVICES"", ""l3"": ""BANKING SERVICES"", ""score"": 0.0, ""definition"": ""Bank fees that are not interest / debt financing""}, {""l2"": ""BANKING SERVICES"", ""l3"": ""FINANCIAL TECHNOLOGY SERVICES"", ""score"": 0.0, ""definition"": ""Companies offering core banking and payment/data processing solutions; often deliver broad portfolio of products and services""}]",Electronic payment processing services
Payments & Corporate Services,Treasury and Financing Services,Financing Business,CORPORATE SERVICES,BANKING SERVICES,0.6045581046841837,similarity_search,"[{""l2"": ""CORPORATE SERVICES"", ""l3"": ""BANKING SERVICES"", ""score"": 0.0, ""definition"": ""Bank fees that are not interest / debt financing""}, {""l2"": ""CORPORATE SERVICES"", ""l3"": ""CONSUMER FINANCING"", ""score"": 0.0, ""definition"": ""Lending and payment plans offered by financial institutions directly to consumers""}, {""l2"": ""CORPORATE SERVICES"", ""l3"": ""INSURANCE PREMIUM FINANCING"", ""score"": 0.0, ""definition"": ""Lending of funds to cover the cost of an insurance premium""}]",Bank fees that are not interest / debt financing
Payments & Corporate Services,Treasury and Financing Services,Risk Management,ADVISORY & MANAGEMENT CONSULTING,FINANCIAL & RISK ADVISORY,0.6232231112452657,similarity_search,"[{""l2"": ""ADVISORY & MANAGEMENT CONSULTING"", ""l3"": ""FINANCIAL & RISK ADVISORY"", ""score"": 0.0, ""definition"": ""Outsourced consulting services to help reduce, manage and mitigate financial risk""}, {""l2"": ""BANKING SERVICES"", ""l3"": ""FINANCIAL TECHNOLOGY SERVICES"", ""score"": 0.0, ""definition"": ""Companies offering core banking and payment/data processing solutions; often deliver broad portfolio of products and services""}, {""l2"": ""CORPORATE SERVICES"", ""l3"": ""CREDIT CARD PROCESSING"", ""score"": 0.0, ""definition"": ""Electronic payment processing services""}]","Outsourced consulting services to help reduce, manage and mitigate financial risk"
Software & IT Services,IT Consulting,IT Process Consulting,IT SERVICES,IT CONSULTING,0.637113514204628,similarity_search,"[{""l2"": ""IT SERVICES"", ""l3"": ""IT CONSULTING"", ""score"": 0.0, ""definition"": ""IT services for application integration, implementation, deployment, development, and on-going support Includes designing, coding, quality testing/quality assurance, and break/fix support""}, {""l2"": ""IT SERVICES"", ""l3"": ""IT SECURITY CONSULTING"", ""score"": 0.0, ""definition"": ""IT security consulting involves assessing and strengthening an organization\u2019s cybersecurity posture. Consultants identify vulnerabilities, design protection strategies, implement security controls, and ensure compliance with standards like ISO 27001 or NIST. Services may include penetration testing, threat modeling, incident response planning, and employee training. The goal is to safeguard critical assets from cyberattacks and data breaches while maintaining operational continuity.""}, {""l2"": ""IT SERVICES"", ""l3"": ""CLOUD CONSULTING"", ""score"": 0.0, ""definition"": ""Cloud consulting helps organizations plan, migrate, and optimize their IT infrastructure on cloud platforms such as AWS, Azure, or Google Cloud. Consultants assess workloads, recommend architecture strategies, and manage migration while ensuring security and cost efficiency. Services may include hybrid cloud integration, automation, and ongoing optimization. The objective is to increase scalability, agility, and resilience of enterprise technology environments.""}]","IT services for application integration, implementation, deployment, development, and on-going support Includes designing, coding, quality testing/quality assurance, and break/fix support"
Software & IT Services,IT Consulting,Other IT Consulting,IT SERVICES,IT CONSULTING,0.6415843772416142,similarity_search,"[{""l2"": ""IT SERVICES"", ""l3"": ""IT CONSULTING"", ""score"": 0.0, ""definition"": ""IT services for application integration, implementation, deployment, development, and on-going support Includes designing, coding, quality testing/quality assurance, and break/fix support""}, {""l2"": ""IT SERVICES"", ""l3"": ""IT RESEARCH & ADVISORY"", ""score"": 0.0, ""definition"": ""Research and advisory firms specific to IT, providing IT leaders with insights, advice and tools to better manage their IT spend and vendors""}, {""l2"": ""IT SERVICES"", ""l3"": ""IT SECURITY CONSULTING"", ""score"": 0.0, ""definition"": ""IT security consulting involves assessing and strengthening an organization\u2019s cybersecurity posture. Consultants identify vulnerabilities, design protection strategies, implement security controls, and ensure compliance with standards like ISO 27001 or NIST. Services may include penetration testing, threat modeling, incident response planning, and employee training. The goal is to safeguard critical assets from cyberattacks and data breaches while maintaining operational continuity.""}]","IT services for application integration, implementation, deployment, development, and on-going support Includes designing, coding, quality testing/quality assurance, and break/fix support"
Software & IT Services,IT Consulting,Software related Training,IT SERVICES,IT CONSULTING,0.6069943255479056,similarity_search,"[{""l2"": ""IT SERVICES"", ""l3"": ""IT CONSULTING"", ""score"": 0.0, ""definition"": ""IT services for application integration, implementation, deployment, development, and on-going support Includes designing, coding, quality testing/quality assurance, and break/fix support""}, {""l2"": ""SOFTWARE"", ""l3"": ""IT & CYBER SECURITY TRAINING"", ""score"": 0.0, ""definition"": ""IT and cybersecurity training programs build workforce skills in network defense, threat analysis, ethical hacking, and compliance. These programs include certifications (CISSP, CompTIA, CEH), simulations, and hands-on labs. They prepare professionals to identify and mitigate cyber threats effectively. Organizations invest in training to strengthen security posture, reduce human error, and ensure adherence to industry standards and regulations.""}, {""l2"": ""IT SERVICES"", ""l3"": ""IT SECURITY CONSULTING"", ""score"": 0.0, ""definition"": ""IT security consulting involves assessing and strengthening an organization\u2019s cybersecurity posture. Consultants identify vulnerabilities, design protection strategies, implement security controls, and ensure compliance with standards like ISO 27001 or NIST. Services may include penetration testing, threat modeling, incident response planning, and employee training. The goal is to safeguard critical assets from cyberattacks and data breaches while maintaining operational continuity.""}]","IT services for application integration, implementation, deployment, development, and on-going support Includes designing, coding, quality testing/quality assurance, and break/fix support"
Software & IT Services,IT Services,Domains,IT SERVICES,DOMAIN NAME & HOSTING,0.5796242261380921,similarity_search,"[{""l2"": ""IT SERVICES"", ""l3"": ""DOMAIN NAME & HOSTING"", ""score"": 0.0, ""definition"": ""Domain registrars are responsible for registering and managing domain names for all websites Companies purchase domain names from Domain registrars directly A web hosting service is a type of Internet hosting service that allows individuals and organizations to make their website accessible via the World Wide Web""}, {""l2"": ""IT SERVICES"", ""l3"": ""IT CONSULTING"", ""score"": 0.0, ""definition"": ""IT services for application integration, implementation, deployment, development, and on-going support Includes designing, coding, quality testing/quality assurance, and break/fix support""}, {""l2"": ""IT SERVICES"", ""l3"": ""IT RESEARCH & ADVISORY"", ""score"": 0.0, ""definition"": ""Research and advisory firms specific to IT, providing IT leaders with insights, advice and tools to better manage their IT spend and vendors""}]",Domain registrars are responsible for registering and managing domain names for all websites Companies purchase domain names from Domain registrars directly A web hosting service is a type of Internet hosting service that allows individuals and organizations to make their website accessible via the World Wide Web
Software & IT Services,IT Services,IT Service Outsourcing,IT SERVICES,IT CONSULTING,0.5956577595166372,similarity_search,"[{""l2"": ""IT SERVICES"", ""l3"": ""IT CONSULTING"", ""score"": 0.0, ""definition"": ""IT services for application integration, implementation, deployment, development, and on-going support Includes designing, coding, quality testing/quality assurance, and break/fix support""}, {""l2"": ""IT SERVICES"", ""l3"": ""IT RESEARCH & ADVISORY"", ""score"": 0.0, ""definition"": ""Research and advisory firms specific to IT, providing IT leaders with insights, advice and tools to better manage their IT spend and vendors""}, {""l2"": ""IT SERVICES"", ""l3"": ""IT INFRASTRUCTURE SERVICES"", ""score"": 0.0, ""definition"": ""IT services focused on support and maintaining hardware infrastructure, through engineering, design, and on-going support""}]","IT services for application integration, implementation, deployment, development, and on-going support Includes designing, coding, quality testing/quality assurance, and break/fix support"
Software & IT Services,IT Services,Other IT Services,IT SERVICES,IT CONSULTING,0.6277726105519488,similarity_search,"[{""l2"": ""IT SERVICES"", ""l3"": ""IT CONSULTING"", ""score"": 0.0, ""definition"": ""IT services for application integration, implementation, deployment, development, and on-going support Includes designing, coding, quality testing/quality assurance, and break/fix support""}, {""l2"": ""IT SERVICES"", ""l3"": ""IT RESEARCH & ADVISORY"", ""score"": 0.0, ""definition"": ""Research and advisory firms specific to IT, providing IT leaders with insights, advice and tools to better manage their IT spend and vendors""}, {""l2"": ""IT SERVICES"", ""l3"": ""IT INFRASTRUCTURE SERVICES"", ""score"": 0.0, ""definition"": ""IT services focused on support and maintaining hardware infrastructure, through engineering, design, and on-going support""}]","IT services for application integration, implementation, deployment, development, and on-going support Includes designing, coding, quality testing/quality assurance, and break/fix support"
Software & IT Services,IT Services,Software Engineering and Implementation,IT SERVICES,IT CONSULTING,0.6447169972871911,similarity_search,"[{""l2"": ""IT SERVICES"", ""l3"": ""IT CONSULTING"", ""score"": 0.0, ""definition"": ""IT services for application integration, implementation, deployment, development, and on-going support Includes designing, coding, quality testing/quality assurance, and break/fix support""}, {""l2"": ""IT SERVICES"", ""l3"": ""IT INFRASTRUCTURE SERVICES"", ""score"": 0.0, ""definition"": ""IT services focused on support and maintaining hardware infrastructure, through engineering, design, and on-going support""}, {""l2"": ""SOFTWARE"", ""l3"": ""SW DEV & DEVOPS SOLUTIONS"", ""score"": 0.0, ""definition"": ""Software development tools and DevOps platforms for managing code, deployments, CI/CD, and testing environments.""}]","IT services for application integration, implementation, deployment, development, and on-going support Includes designing, coding, quality testing/quality assurance, and break/fix support"
Software & IT Services,IT Services,Software related Support,IT SERVICES,IT CONSULTING,0.6536891242398509,similarity_search,"[{""l2"": ""IT SERVICES"", ""l3"": ""IT CONSULTING"", ""score"": 0.0, ""definition"": ""IT services for application integration, implementation, deployment, development, and on-going support Includes designing, coding, quality testing/quality assurance, and break/fix support""}, {""l2"": ""IT SERVICES"", ""l3"": ""IT INFRASTRUCTURE SERVICES"", ""score"": 0.0, ""definition"": ""IT services focused on support and maintaining hardware infrastructure, through engineering, design, and on-going support""}, {""l2"": ""IT SERVICES"", ""l3"": ""IT RESEARCH & ADVISORY"", ""score"": 0.0, ""definition"": ""Research and advisory firms specific to IT, providing IT leaders with insights, advice and tools to better manage their IT spend and vendors""}]","IT services for application integration, implementation, deployment, development, and on-going support Includes designing, coding, quality testing/quality assurance, and break/fix support"
Software & IT Services,Software,Customer/ Partner Facing Software (Subscriptions),SOFTWARE,FINANCE & ACCOUNTING SOFTWARE,0.5449662262161087,similarity_search,"[{""l2"": ""SOFTWARE"", ""l3"": ""FINANCE & ACCOUNTING SOFTWARE"", ""score"": 0.0, ""definition"": ""Software existing to support finance function; including tax and accounting software and payment processing solutions""}, {""l2"": ""FINANCIAL & MARKET DATA"", ""l3"": ""FINANCIAL & MARKET DATA"", ""score"": 0.0, ""definition"": ""Subscriptions to services that provide research or insights on financial markets, B2B credit reports, etc.""}, {""l2"": ""CORPORATE SERVICES"", ""l3"": ""DUES & SUBSCRIPTIONS"", ""score"": 0.0, ""definition"": ""Industry Reports, Magazines, Newspapers, Streaming Services""}]",Software existing to support finance function; including tax and accounting software and payment processing solutions
Software & IT Services,Software,Data Managment Software (Subscriptions),SOFTWARE,TESTING & TEST DATA MGMT,0.5638967340177187,similarity_search,"[{""l2"": ""SOFTWARE"", ""l3"": ""TESTING & TEST DATA MGMT"", ""score"": 0.0, ""definition"": ""Software and services that support application testing, test automation, and the generation or masking of test data.""}, {""l2"": ""SOFTWARE"", ""l3"": ""ENTERPRISE INFORMATION MANAGEMENT"", ""score"": 0.0, ""definition"": ""Software the supports managing data across an enterprise; Includes content management and master data management (MDM); Key words are Content Management, Master Data Management""}, {""l2"": ""SOFTWARE"", ""l3"": ""BI & DATA ANALYTICS SOFTWARE"", ""score"": 0.0, ""definition"": ""Business Intelligence and analytics software helps companies organize and visualize data to make better business decisions""}]","Software and services that support application testing, test automation, and the generation or masking of test data."
Software & IT Services,Software,Engineering Software (Subscription),SOFTWARE,SW DEV & DEVOPS SOLUTIONS,0.5305598061943179,similarity_search,"[{""l2"": ""SOFTWARE"", ""l3"": ""SW DEV & DEVOPS SOLUTIONS"", ""score"": 0.0, ""definition"": ""Software development tools and DevOps platforms for managing code, deployments, CI/CD, and testing environments.""}, {""l2"": ""SOFTWARE"", ""l3"": ""SOFTWARE"", ""score"": 0.0, ""definition"": ""General category for software products not classified under more specific functional or industry categories.""}, {""l2"": ""REAL ESTATE SERVICES"", ""l3"": ""REAL ESTATE ANALYTICS"", ""score"": 0.0, ""definition"": ""Real estate analytic services and subscriptions""}]","Software development tools and DevOps platforms for managing code, deployments, CI/CD, and testing environments."
Software & IT Services,Software,ERP Corporate Governance & Finance Software (Subscriptions),SOFTWARE,FINANCE & ACCOUNTING SOFTWARE,0.5943963527679443,similarity_search,"[{""l2"": ""SOFTWARE"", ""l3"": ""FINANCE & ACCOUNTING SOFTWARE"", ""score"": 0.0, ""definition"": ""Software existing to support finance function; including tax and accounting software and payment processing solutions""}, {""l2"": ""SOFTWARE"", ""l3"": ""GOVERNANCE, RISK & COMPLIANCE"", ""score"": 0.0, ""definition"": ""Platforms or services for managing compliance obligations, enterprise risk, audit trails, and corporate governance policies.""}, {""l2"": ""SOFTWARE"", ""l3"": ""ERP"", ""score"": 0.0, ""definition"": ""An enterprise resource planning system (ERP system) is an information system that incorporates enterprise-wide internal and external information systems into a single unified solution""}]",Software existing to support finance function; including tax and accounting software and payment processing solutions
Software & IT Services,Software,HR Software (Subscriptions),HR SERVICES,HR SERVICES,0.5801697969436646,similarity_search,"[{""l2"": ""HR SERVICES"", ""l3"": ""HR SERVICES"", ""score"": 0.0, ""definition"": ""Consulting and support services for human resources functions including hiring, employee relations, compliance, and workforce planning.""}, {""l2"": ""SOFTWARE"", ""l3"": ""HCM & PAYROLL SOLUTIONS"", ""score"": 0.0, ""definition"": ""Human Capital Management (HCM) and payroll solutions manage employee information, compensation, benefits, and compliance processes. These systems automate payroll processing, time tracking, onboarding, and performance management. HCM software often includes analytics and self-service portals to improve employee engagement and administrative efficiency. By integrating HR and payroll functions, organizations ensure accuracy, regulatory compliance, and a seamless employee experience from hire to retirement.""}, {""l2"": ""SOFTWARE"", ""l3"": ""TALENT MGMT & RECRUITING SOFTWARE"", ""score"": 0.0, ""definition"": ""Platforms that manage talent acquisition, onboarding, performance tracking, and succession planning.""}]","Consulting and support services for human resources functions including hiring, employee relations, compliance, and workforce planning."
Software & IT Services,Software,Logistics Software (Subsciptions),SOFTWARE,INDUSTRY SOFTWARE - TRANSPORTATION,0.6084998794048941,similarity_search,"[{""l2"": ""SOFTWARE"", ""l3"": ""INDUSTRY SOFTWARE - TRANSPORTATION"", ""score"": 0.0, ""definition"": ""Transportation industry software supports logistics, routing, fleet tracking, and regulatory compliance for carriers and shippers. It includes TMS (Transportation Management Systems), dispatch solutions, and route optimization tools. These platforms improve asset utilization, reduce operational costs, and enhance delivery accuracy. They often integrate with telematics, GPS, and IoT systems for real-time visibility and predictive maintenance.""}, {""l2"": ""SOFTWARE"", ""l3"": ""SUPPLY CHAIN SOFTWARE"", ""score"": 0.0, ""definition"": ""Software the supports supply chain activity including warehouse management software, fleet management, inventory management, warehouse operations tools;""}, {""l2"": ""SOFTWARE"", ""l3"": ""INDUSTRY SOFTWARE - LEGAL SERVICES"", ""score"": 0.0, ""definition"": ""Legal industry software helps law firms and corporate legal departments manage cases, documents, billing, and compliance. It includes practice management systems, contract lifecycle management (CLM), and eDiscovery platforms. These tools improve efficiency, collaboration, and transparency while ensuring secure handling of sensitive client data. Automation and analytics capabilities also support better decision-making and workload management.""}]","Transportation industry software supports logistics, routing, fleet tracking, and regulatory compliance for carriers and shippers. It includes TMS (Transportation Management Systems), dispatch solutions, and route optimization tools. These platforms improve asset utilization, reduce operational costs, and enhance delivery accuracy. They often integrate with telematics, GPS, and IoT systems for real-time visibility and predictive maintenance."
Software & IT Services,Software,Maintenance for Perpetual Licenses,IT SERVICES,THIRD PARTY MAINTENANCE,0.5795747041702312,similarity_search,"[{""l2"": ""IT SERVICES"", ""l3"": ""THIRD PARTY MAINTENANCE"", ""score"": 0.0, ""definition"": ""3rd party maintenance is non-OEM maintenance providers who provide activities such as applying patches, updating anti-virus and ensuring anti-virus is working, monitoring performance, and monitoring activity based on IT policies""}, {""l2"": ""IT SERVICES"", ""l3"": ""IT INFRASTRUCTURE SERVICES"", ""score"": 0.0, ""definition"": ""IT services focused on support and maintaining hardware infrastructure, through engineering, design, and on-going support""}, {""l2"": ""IT SERVICES"", ""l3"": ""IT CONSULTING"", ""score"": 0.0, ""definition"": ""IT services for application integration, implementation, deployment, development, and on-going support Includes designing, coding, quality testing/quality assurance, and break/fix support""}]","3rd party maintenance is non-OEM maintenance providers who provide activities such as applying patches, updating anti-virus and ensuring anti-virus is working, monitoring performance, and monitoring activity based on IT policies"
Software & IT Services,Software,Other Software,SOFTWARE,SOFTWARE,0.5949266488784538,similarity_search,"[{""l2"": ""SOFTWARE"", ""l3"": ""SOFTWARE"", ""score"": 0.0, ""definition"": ""General category for software products not classified under more specific functional or industry categories.""}, {""l2"": ""SOFTWARE"", ""l3"": ""FINANCE & ACCOUNTING SOFTWARE"", ""score"": 0.0, ""definition"": ""Software existing to support finance function; including tax and accounting software and payment processing solutions""}, {""l2"": ""IT SERVICES"", ""l3"": ""IT CONSULTING"", ""score"": 0.0, ""definition"": ""IT services for application integration, implementation, deployment, development, and on-going support Includes designing, coding, quality testing/quality assurance, and break/fix support""}]",General category for software products not classified under more specific functional or industry categories.
Software & IT Services,Software,Workplace Productivity Software (Subscriptions),SOFTWARE,PRODUCTIVITY & WORKSPACE APPS,0.6749847531318712,similarity_search,"[{""l2"": ""SOFTWARE"", ""l3"": ""PRODUCTIVITY & WORKSPACE APPS"", ""score"": 0.0, ""definition"": ""Tools that enhance workplace efficiency and collaboration such as document editing, calendar scheduling, and team messaging.""}, {""l2"": ""SOFTWARE"", ""l3"": ""PROJECT & WORK MGMT SOFTWARE"", ""score"": 0.0, ""definition"": ""Project and work management software helps teams plan, execute, and monitor projects and day-to-day operations. It includes task tracking, resource allocation, time management, and collaboration features. These platforms improve visibility, accountability, and productivity by centralizing workflows and documentation. Integration with other business systems allows organizations to manage complex initiatives efficiently and align work with strategic objectives.""}, {""l2"": ""SOFTWARE"", ""l3"": ""SERVICE & WORK MGMT SOFTWARE"", ""score"": 0.0, ""definition"": ""Service and work management software optimizes field operations, maintenance scheduling, and service delivery. It includes work order management, asset tracking, and technician dispatch tools. These systems provide real-time updates, customer communication, and analytics to improve operational efficiency and satisfaction. Used across industries such as utilities and facilities management, they streamline workflows and support predictive maintenance strategies.""}]","Tools that enhance workplace efficiency and collaboration such as document editing, calendar scheduling, and team messaging."
Transportation Services,Inbound/First Mile,Ocean & Air Freight,FREIGHT SERVICES,FREIGHT FORWARDING,0.6556972060023084,similarity_search,"[{""l2"": ""FREIGHT SERVICES"", ""l3"": ""FREIGHT FORWARDING"", ""score"": 0.0, ""definition"": ""Third parties that arrange the importing and exporting of groups, typically over Ocean or Air Freight""}, {""l2"": ""FREIGHT SERVICES"", ""l3"": ""OCEAN FREIGHT"", ""score"": 0.0, ""definition"": ""Freight moved over water via steamship / boat (can be FCL or LCL)""}, {""l2"": ""FREIGHT SERVICES"", ""l3"": ""AIR FREIGHT"", ""score"": 0.0, ""definition"": ""Freight moved over air via airplanes""}]","Third parties that arrange the importing and exporting of groups, typically over Ocean or Air Freight"
Transportation Services,Inbound/First Mile,Road Freight,FREIGHT SERVICES,RAIL,0.6207858242009663,similarity_search,"[{""l2"": ""FREIGHT SERVICES"", ""l3"": ""RAIL"", ""score"": 0.0, ""definition"": ""Freight moved by railroad""}, {""l2"": ""FREIGHT SERVICES"", ""l3"": ""LTL"", ""score"": 0.0, ""definition"": ""Less-than-truckload freight""}, {""l2"": ""FREIGHT SERVICES"", ""l3"": ""DRAYAGE"", ""score"": 0.0, ""definition"": ""Transportation service, moving goods a short distance via ground freight""}]",Freight moved by railroad
Transportation Services,Linehaul/Middle Mile,Pallet Management,FREIGHT SERVICES,LTL,0.5550296968257076,similarity_search,"[{""l2"": ""FREIGHT SERVICES"", ""l3"": ""LTL"", ""score"": 0.0, ""definition"": ""Less-than-truckload freight""}, {""l2"": ""THIRD PARTY LOGISTICS (3PL)"", ""l3"": ""WAREHOUSING"", ""score"": 0.0, ""definition"": ""Warehouse space and/or warehouse labor to fulfill stocking, pick, pack, and ship services""}, {""l2"": ""PACKAGING SUPPLIES"", ""l3"": ""PALLETS & CRATES"", ""score"": 0.0, ""definition"": ""Pallet or crate used for product transportation when shipping or within a warehouse""}]",Less-than-truckload freight
Transportation Services,Linehaul/Middle Mile,Transport Linehaul,FREIGHT SERVICES,LTL,0.6024245741873483,similarity_search,"[{""l2"": ""FREIGHT SERVICES"", ""l3"": ""LTL"", ""score"": 0.0, ""definition"": ""Less-than-truckload freight""}, {""l2"": ""FREIGHT SERVICES"", ""l3"": ""DRAYAGE"", ""score"": 0.0, ""definition"": ""Transportation service, moving goods a short distance via ground freight""}, {""l2"": ""FLEET SERVICES"", ""l3"": ""DRIVEAWAY SERVICE"", ""score"": 0.0, ""definition"": ""Professional transportation of a car with another driver, or it is transported on the back of the truck""}]",Less-than-truckload freight
Transportation Services,Logistics & Fulfillment Services,Logistics & Fulfillment Services,FREIGHT SERVICES,CUSTOMS BROKERAGE,0.6237826052230345,similarity_search,"[{""l2"": ""FREIGHT SERVICES"", ""l3"": ""CUSTOMS BROKERAGE"", ""score"": 0.0, ""definition"": ""Outsourced brokerage services for transportation and logistic purposes""}, {""l2"": ""THIRD PARTY LOGISTICS (3PL)"", ""l3"": ""FULFILLMENT"", ""score"": 0.0, ""definition"": ""Specialized vendors in small quantity fulfillment who offer pick, pack, and ship services for Direct to Consumer shipments""}, {""l2"": ""FREIGHT SERVICES"", ""l3"": ""LTL"", ""score"": 0.0, ""definition"": ""Less-than-truckload freight""}]",Outsourced brokerage services for transportation and logistic purposes
Transportation Services,Miscellaneous Services,Other Miscellaneous Services,FREIGHT SERVICES,CUSTOMS BROKERAGE,0.5246378750040718,similarity_search,"[{""l2"": ""FREIGHT SERVICES"", ""l3"": ""CUSTOMS BROKERAGE"", ""score"": 0.0, ""definition"": ""Outsourced brokerage services for transportation and logistic purposes""}, {""l2"": ""GROUND TRANSPORTATION"", ""l3"": ""CAR SERVICE"", ""score"": 0.0, ""definition"": ""Car share services for business travel""}, {""l2"": ""FLEET SERVICES"", ""l3"": ""TRANSPORTATION RELATED EQUIP"", ""score"": 0.0, ""definition"": ""Transportation-related equipment includes auxiliary tools and machinery supporting logistics and fleet operations, such as liftgates, refrigeration units, GPS systems, tarping equipment, and cargo handling devices. These products enhance transportation safety, efficiency, and compliance. Providers may offer installation, calibration, and ongoing maintenance to ensure seamless integration with vehicles or transport systems.""}]",Outsourced brokerage services for transportation and logistic purposes
Warehouse Equipment,Automation,Automation Robots,EQUIPMENT,CONVEYORS & SORTATION,0.5557207498827077,similarity_search,"[{""l2"": ""EQUIPMENT"", ""l3"": ""CONVEYORS & SORTATION"", ""score"": 0.0, ""definition"": ""Machinery utilized to move raw materials and products throughout a warehouse or manufacturing facility""}, {""l2"": ""EQUIPMENT"", ""l3"": ""PACKAGING EQUIPMENT"", ""score"": 0.0, ""definition"": ""Box erectors, palletizers, pack-size machines that make custom boxes""}, {""l2"": ""SOFTWARE"", ""l3"": ""AUTOMATION (BPA & RPA)"", ""score"": 0.0, ""definition"": ""Automation technologies streamline repetitive tasks and workflows through Business Process Automation (BPA) and Robotic Process Automation (RPA). BPA focuses on optimizing end-to-end business processes using software integration, while RPA employs bots to mimic human actions in digital systems. Together, they increase productivity, accuracy, and efficiency by reducing manual intervention. Common use cases include data entry, invoice processing, and system synchronization across industries.""}]",Machinery utilized to move raw materials and products throughout a warehouse or manufacturing facility
Warehouse Equipment,Automation,Conveyor System,EQUIPMENT,CONVEYORS & SORTATION,0.7385753521755981,similarity_search,"[{""l2"": ""EQUIPMENT"", ""l3"": ""CONVEYORS & SORTATION"", ""score"": 0.0, ""definition"": ""Machinery utilized to move raw materials and products throughout a warehouse or manufacturing facility""}, {""l2"": ""INDUSTRIAL SUPPLIES"", ""l3"": ""CONVEYOR BELTS & PARTS"", ""score"": 0.0, ""definition"": ""Conveyor belts and parts support automated material transport systems in manufacturing and distribution environments. Components include rollers, motors, belts, and control systems. These systems enhance efficiency, reduce manual labor, and improve safety in high-volume operations. Maintenance services and spare parts management help ensure uptime, optimize performance, and extend system lifespan.""}, {""l2"": ""EQUIPMENT"", ""l3"": ""PACKAGING EQUIPMENT"", ""score"": 0.0, ""definition"": ""Box erectors, palletizers, pack-size machines that make custom boxes""}]",Machinery utilized to move raw materials and products throughout a warehouse or manufacturing facility
Warehouse Equipment,Automation,Initial Spare Parts Package,INDUSTRIAL SUPPLIES,OEM PARTS / SPARES,0.561090640891714,similarity_search,"[{""l2"": ""INDUSTRIAL SUPPLIES"", ""l3"": ""OEM PARTS / SPARES"", ""score"": 0.0, ""definition"": ""Parts that are very specific to a production piece of equipment""}, {""l2"": ""FLEET MAINTENANCE & REPAIR"", ""l3"": ""FLEET PARTS & EQUIPMENT"", ""score"": 0.0, ""definition"": ""Automobile Parts""}, {""l2"": ""LIFT TRUCK EQUIPMENT"", ""l3"": ""LIFT TRUCK PARTS"", ""score"": 0.0, ""definition"": ""Component parts necessary to operate and maintain a lift truck""}]",Parts that are very specific to a production piece of equipment
Warehouse Equipment,Automation,Multiple Major Systems,EQUIPMENT,CONVEYORS & SORTATION,0.5439887800176587,similarity_search,"[{""l2"": ""EQUIPMENT"", ""l3"": ""CONVEYORS & SORTATION"", ""score"": 0.0, ""definition"": ""Machinery utilized to move raw materials and products throughout a warehouse or manufacturing facility""}, {""l2"": ""BUILDING REPAIR & MAINTENANCE"", ""l3"": ""BUILDING MANAGEMENT SYSTEM"", ""score"": 0.0, ""definition"": ""System associated with managing building maintenance""}, {""l2"": ""INDUSTRIAL SUPPLIES"", ""l3"": ""CONTROL & AUTOMATION"", ""score"": 0.0, ""definition"": ""Advanced Process Controls, Condition Monitoring & I/O, Design and Operations Software, Distributed Control Systems, Drives, Drive Systems, Human Machine Interface, Industrial Control Products, Industrial Network Products, Industrial Sensors, Manufacturing Execution System, Motion Controls, Motor Control Centers, Programmable Controllers, Safety Components, Safety Instrumented Systems""}]",Machinery utilized to move raw materials and products throughout a warehouse or manufacturing facility
Warehouse Equipment,Automation,Other Automation Warehouse Technologies,EQUIPMENT,CONVEYORS & SORTATION,0.6215526791740501,similarity_search,"[{""l2"": ""EQUIPMENT"", ""l3"": ""CONVEYORS & SORTATION"", ""score"": 0.0, ""definition"": ""Machinery utilized to move raw materials and products throughout a warehouse or manufacturing facility""}, {""l2"": ""EQUIPMENT"", ""l3"": ""PACKAGING EQUIPMENT"", ""score"": 0.0, ""definition"": ""Box erectors, palletizers, pack-size machines that make custom boxes""}, {""l2"": ""INDUSTRIAL SUPPLIES"", ""l3"": ""CONTROL & AUTOMATION"", ""score"": 0.0, ""definition"": ""Advanced Process Controls, Condition Monitoring & I/O, Design and Operations Software, Distributed Control Systems, Drives, Drive Systems, Human Machine Interface, Industrial Control Products, Industrial Network Products, Industrial Sensors, Manufacturing Execution System, Motion Controls, Motor Control Centers, Programmable Controllers, Safety Components, Safety Instrumented Systems""}]",Machinery utilized to move raw materials and products throughout a warehouse or manufacturing facility
Warehouse Equipment,Automation,Picking Systems,EQUIPMENT,CONVEYORS & SORTATION,0.6416493227063848,similarity_search,"[{""l2"": ""EQUIPMENT"", ""l3"": ""CONVEYORS & SORTATION"", ""score"": 0.0, ""definition"": ""Machinery utilized to move raw materials and products throughout a warehouse or manufacturing facility""}, {""l2"": ""EQUIPMENT"", ""l3"": ""PACKAGING EQUIPMENT"", ""score"": 0.0, ""definition"": ""Box erectors, palletizers, pack-size machines that make custom boxes""}, {""l2"": ""INDUSTRIAL SUPPLIES"", ""l3"": ""RACKING & SHELVING"", ""score"": 0.0, ""definition"": ""Purchase of racking and shelving for facilities""}]",Machinery utilized to move raw materials and products throughout a warehouse or manufacturing facility
Warehouse Equipment,Automation,Sorter Systems,EQUIPMENT,CONVEYORS & SORTATION,0.6976558205671146,similarity_search,"[{""l2"": ""EQUIPMENT"", ""l3"": ""CONVEYORS & SORTATION"", ""score"": 0.0, ""definition"": ""Machinery utilized to move raw materials and products throughout a warehouse or manufacturing facility""}, {""l2"": ""EQUIPMENT"", ""l3"": ""PACKAGING EQUIPMENT"", ""score"": 0.0, ""definition"": ""Box erectors, palletizers, pack-size machines that make custom boxes""}, {""l2"": ""INDUSTRIAL SUPPLIES"", ""l3"": ""RACKING & SHELVING"", ""score"": 0.0, ""definition"": ""Purchase of racking and shelving for facilities""}]",Machinery utilized to move raw materials and products throughout a warehouse or manufacturing facility
Warehouse Equipment,Carts,Steel Carts,INDUSTRIAL SUPPLIES,RACKING & SHELVING,0.5137536799156055,similarity_search,"[{""l2"": ""INDUSTRIAL SUPPLIES"", ""l3"": ""RACKING & SHELVING"", ""score"": 0.0, ""definition"": ""Purchase of racking and shelving for facilities""}, {""l2"": ""EQUIPMENT"", ""l3"": ""CONVEYORS & SORTATION"", ""score"": 0.0, ""definition"": ""Machinery utilized to move raw materials and products throughout a warehouse or manufacturing facility""}, {""l2"": ""PACKAGING SUPPLIES"", ""l3"": ""PALLETS & CRATES"", ""score"": 0.0, ""definition"": ""Pallet or crate used for product transportation when shipping or within a warehouse""}]",Purchase of racking and shelving for facilities
Warehouse Equipment,Industrial Trucks,Material Handling Equipment (Forklift),LIFT TRUCK EQUIPMENT,LIFT TRUCKS,0.6946892142295837,similarity_search,"[{""l2"": ""LIFT TRUCK EQUIPMENT"", ""l3"": ""LIFT TRUCKS"", ""score"": 0.0, ""definition"": ""Powered industrial truck utilized to lift and move heavy materials over short distances""}, {""l2"": ""LIFT TRUCK EQUIPMENT"", ""l3"": ""LIFT TRUCK BATTERIES"", ""score"": 0.0, ""definition"": ""Batteries for lift trucks and fork lifts""}, {""l2"": ""LIFT TRUCK EQUIPMENT"", ""l3"": ""LIFT TRUCK ACCESSORIES"", ""score"": 0.0, ""definition"": ""Lift truck accessories include attachments and add-ons that enhance the functionality of forklifts and other material-handling vehicles. Examples include fork extensions, clamps, safety lights, and load backrests. These accessories improve productivity, safety, and versatility in warehouse and industrial environments. Vendors often provide customization, compatibility guidance, and installation services to ensure optimal performance and operator safety.""}]",Powered industrial truck utilized to lift and move heavy materials over short distances
Warehouse Equipment,Industrial Trucks,Swap Body Truck,LIFT TRUCK EQUIPMENT,LIFT TRUCKS,0.6104436748955454,similarity_search,"[{""l2"": ""LIFT TRUCK EQUIPMENT"", ""l3"": ""LIFT TRUCKS"", ""score"": 0.0, ""definition"": ""Powered industrial truck utilized to lift and move heavy materials over short distances""}, {""l2"": ""LIFT TRUCK EQUIPMENT"", ""l3"": ""LIFT TRUCK PARTS"", ""score"": 0.0, ""definition"": ""Component parts necessary to operate and maintain a lift truck""}, {""l2"": ""LIFT TRUCK EQUIPMENT"", ""l3"": ""LIFT TRUCK BATTERIES"", ""score"": 0.0, ""definition"": ""Batteries for lift trucks and fork lifts""}]",Powered industrial truck utilized to lift and move heavy materials over short distances
Warehouse Equipment,Maintenance,Maintenance Conveyor System,EQUIPMENT,CONVEYORS & SORTATION,0.6574485489664779,similarity_search,"[{""l2"": ""EQUIPMENT"", ""l3"": ""CONVEYORS & SORTATION"", ""score"": 0.0, ""definition"": ""Machinery utilized to move raw materials and products throughout a warehouse or manufacturing facility""}, {""l2"": ""INDUSTRIAL SUPPLIES"", ""l3"": ""CONVEYOR BELTS & PARTS"", ""score"": 0.0, ""definition"": ""Conveyor belts and parts support automated material transport systems in manufacturing and distribution environments. Components include rollers, motors, belts, and control systems. These systems enhance efficiency, reduce manual labor, and improve safety in high-volume operations. Maintenance services and spare parts management help ensure uptime, optimize performance, and extend system lifespan.""}, {""l2"": ""BUILDING REPAIR & MAINTENANCE"", ""l3"": ""VERTICAL TRANSPORT"", ""score"": 0.0, ""definition"": ""Elevator and escalator maintenance and repair services""}]",Machinery utilized to move raw materials and products throughout a warehouse or manufacturing facility
Warehouse Equipment,Maintenance,Maintenance Industrial Trucks,LIFT TRUCK EQUIPMENT,LIFT TRUCK MAINTENANCE & REPAIR,0.6479175493741907,similarity_search,"[{""l2"": ""LIFT TRUCK EQUIPMENT"", ""l3"": ""LIFT TRUCK MAINTENANCE & REPAIR"", ""score"": 0.0, ""definition"": ""Lift truck maintenance and repair services involve the inspection, servicing, and mechanical repair of forklifts and related equipment. These include hydraulic system checks, tire replacement, and battery maintenance. Preventive programs minimize downtime, extend vehicle life, and ensure compliance with OSHA safety regulations. Providers may offer on-site or scheduled maintenance plans to support continuous, safe material-handling operations.""}, {""l2"": ""LIFT TRUCK EQUIPMENT"", ""l3"": ""LIFT TRUCKS"", ""score"": 0.0, ""definition"": ""Powered industrial truck utilized to lift and move heavy materials over short distances""}, {""l2"": ""LIFT TRUCK EQUIPMENT"", ""l3"": ""LIFT TRUCK PARTS"", ""score"": 0.0, ""definition"": ""Component parts necessary to operate and maintain a lift truck""}]","Lift truck maintenance and repair services involve the inspection, servicing, and mechanical repair of forklifts and related equipment. These include hydraulic system checks, tire replacement, and battery maintenance. Preventive programs minimize downtime, extend vehicle life, and ensure compliance with OSHA safety regulations. Providers may offer on-site or scheduled maintenance plans to support continuous, safe material-handling operations."
Warehouse Equipment,Maintenance,Maintenance Picking Systems,EQUIPMENT,CONVEYORS & SORTATION,0.5873862188139908,similarity_search,"[{""l2"": ""EQUIPMENT"", ""l3"": ""CONVEYORS & SORTATION"", ""score"": 0.0, ""definition"": ""Machinery utilized to move raw materials and products throughout a warehouse or manufacturing facility""}, {""l2"": ""LIFT TRUCK EQUIPMENT"", ""l3"": ""LIFT TRUCK MAINTENANCE & REPAIR"", ""score"": 0.0, ""definition"": ""Lift truck maintenance and repair services involve the inspection, servicing, and mechanical repair of forklifts and related equipment. These include hydraulic system checks, tire replacement, and battery maintenance. Preventive programs minimize downtime, extend vehicle life, and ensure compliance with OSHA safety regulations. Providers may offer on-site or scheduled maintenance plans to support continuous, safe material-handling operations.""}, {""l2"": ""MRO SERVICES"", ""l3"": ""EQUIPMENT MAINTENANCE & REPAIR"", ""score"": 0.0, ""definition"": ""Equipment / machine (manufacturing and production) maintenance and repair services""}]",Machinery utilized to move raw materials and products throughout a warehouse or manufacturing facility
Warehouse Equipment,Maintenance,Maintenance Robots,MRO SERVICES,EQUIPMENT MAINTENANCE & REPAIR,0.6215271458235458,similarity_search,"[{""l2"": ""MRO SERVICES"", ""l3"": ""EQUIPMENT MAINTENANCE & REPAIR"", ""score"": 0.0, ""definition"": ""Equipment / machine (manufacturing and production) maintenance and repair services""}, {""l2"": ""MRO SERVICES"", ""l3"": ""EQUIPMENT RENTAL"", ""score"": 0.0, ""definition"": ""Renting equipment for construction or maintenance""}, {""l2"": ""BUILDING REPAIR & MAINTENANCE"", ""l3"": ""VERTICAL TRANSPORT"", ""score"": 0.0, ""definition"": ""Elevator and escalator maintenance and repair services""}]",Equipment / machine (manufacturing and production) maintenance and repair services
Warehouse Equipment,Maintenance,Maintenance Sorter Systems,EQUIPMENT,CONVEYORS & SORTATION,0.6228185374465762,similarity_search,"[{""l2"": ""EQUIPMENT"", ""l3"": ""CONVEYORS & SORTATION"", ""score"": 0.0, ""definition"": ""Machinery utilized to move raw materials and products throughout a warehouse or manufacturing facility""}, {""l2"": ""MRO SERVICES"", ""l3"": ""EQUIPMENT MAINTENANCE & REPAIR"", ""score"": 0.0, ""definition"": ""Equipment / machine (manufacturing and production) maintenance and repair services""}, {""l2"": ""BUILDING REPAIR & MAINTENANCE"", ""l3"": ""BUILDING MANAGEMENT SYSTEM"", ""score"": 0.0, ""definition"": ""System associated with managing building maintenance""}]",Machinery utilized to move raw materials and products throughout a warehouse or manufacturing facility
Warehouse Equipment,Maintenance,Other Maintenance Warehouse Technologies,MRO SERVICES,EQUIPMENT MAINTENANCE & REPAIR,0.5919425001076032,similarity_search,"[{""l2"": ""MRO SERVICES"", ""l3"": ""EQUIPMENT MAINTENANCE & REPAIR"", ""score"": 0.0, ""definition"": ""Equipment / machine (manufacturing and production) maintenance and repair services""}, {""l2"": ""EQUIPMENT"", ""l3"": ""CONVEYORS & SORTATION"", ""score"": 0.0, ""definition"": ""Machinery utilized to move raw materials and products throughout a warehouse or manufacturing facility""}, {""l2"": ""LIFT TRUCK EQUIPMENT"", ""l3"": ""LIFT TRUCK MAINTENANCE & REPAIR"", ""score"": 0.0, ""definition"": ""Lift truck maintenance and repair services involve the inspection, servicing, and mechanical repair of forklifts and related equipment. These include hydraulic system checks, tire replacement, and battery maintenance. Preventive programs minimize downtime, extend vehicle life, and ensure compliance with OSHA safety regulations. Providers may offer on-site or scheduled maintenance plans to support continuous, safe material-handling operations.""}]",Equipment / machine (manufacturing and production) maintenance and repair services
Warehouse Equipment,Maintenance,Spare Parts Replenishment,FLEET MAINTENANCE & REPAIR,FLEET PARTS & EQUIPMENT,0.6461737348489319,similarity_search,"[{""l2"": ""FLEET MAINTENANCE & REPAIR"", ""l3"": ""FLEET PARTS & EQUIPMENT"", ""score"": 0.0, ""definition"": ""Automobile Parts""}, {""l2"": ""MRO SERVICES"", ""l3"": ""EQUIPMENT MAINTENANCE & REPAIR"", ""score"": 0.0, ""definition"": ""Equipment / machine (manufacturing and production) maintenance and repair services""}, {""l2"": ""INDUSTRIAL SUPPLIES"", ""l3"": ""OEM PARTS / SPARES"", ""score"": 0.0, ""definition"": ""Parts that are very specific to a production piece of equipment""}]",Automobile Parts
Warehouse Equipment,Storage Systems,Labeling,PRINT SUPPLIES,LABELS,0.5993480682373089,similarity_search,"[{""l2"": ""PRINT SUPPLIES"", ""l3"": ""LABELS"", ""score"": 0.0, ""definition"": ""Any barcode, label, tag (non-adhesive label), RFID that is printed on or attached to products for tracking purposes""}, {""l2"": ""EQUIPMENT"", ""l3"": ""PACKAGING EQUIPMENT"", ""score"": 0.0, ""definition"": ""Box erectors, palletizers, pack-size machines that make custom boxes""}, {""l2"": ""EQUIPMENT"", ""l3"": ""CONVEYORS & SORTATION"", ""score"": 0.0, ""definition"": ""Machinery utilized to move raw materials and products throughout a warehouse or manufacturing facility""}]","Any barcode, label, tag (non-adhesive label), RFID that is printed on or attached to products for tracking purposes"
Warehouse Equipment,Storage Systems,Other Storage Systems,EQUIPMENT,CONVEYORS & SORTATION,0.5811235904693769,similarity_search,"[{""l2"": ""EQUIPMENT"", ""l3"": ""CONVEYORS & SORTATION"", ""score"": 0.0, ""definition"": ""Machinery utilized to move raw materials and products throughout a warehouse or manufacturing facility""}, {""l2"": ""INDUSTRIAL SUPPLIES"", ""l3"": ""RACKING & SHELVING"", ""score"": 0.0, ""definition"": ""Purchase of racking and shelving for facilities""}, {""l2"": ""EQUIPMENT"", ""l3"": ""PACKAGING EQUIPMENT"", ""score"": 0.0, ""definition"": ""Box erectors, palletizers, pack-size machines that make custom boxes""}]",Machinery utilized to move raw materials and products throughout a warehouse or manufacturing facility
Warehouse Equipment,Storage Systems,Pallet Systems,EQUIPMENT,PACKAGING EQUIPMENT,0.6178811420273111,similarity_search,"[{""l2"": ""EQUIPMENT"", ""l3"": ""PACKAGING EQUIPMENT"", ""score"": 0.0, ""definition"": ""Box erectors, palletizers, pack-size machines that make custom boxes""}, {""l2"": ""PACKAGING SUPPLIES"", ""l3"": ""PALLETS & CRATES"", ""score"": 0.0, ""definition"": ""Pallet or crate used for product transportation when shipping or within a warehouse""}, {""l2"": ""INDUSTRIAL SUPPLIES"", ""l3"": ""RACKING & SHELVING"", ""score"": 0.0, ""definition"": ""Purchase of racking and shelving for facilities""}]","Box erectors, palletizers, pack-size machines that make custom boxes"
Warehouse Equipment,Storage Systems,Pick Towers,EQUIPMENT,CONVEYORS & SORTATION,0.5527904159523048,similarity_search,"[{""l2"": ""EQUIPMENT"", ""l3"": ""CONVEYORS & SORTATION"", ""score"": 0.0, ""definition"": ""Machinery utilized to move raw materials and products throughout a warehouse or manufacturing facility""}, {""l2"": ""INDUSTRIAL SUPPLIES"", ""l3"": ""RACKING & SHELVING"", ""score"": 0.0, ""definition"": ""Purchase of racking and shelving for facilities""}, {""l2"": ""EQUIPMENT"", ""l3"": ""PACKAGING EQUIPMENT"", ""score"": 0.0, ""definition"": ""Box erectors, palletizers, pack-size machines that make custom boxes""}]",Machinery utilized to move raw materials and products throughout a warehouse or manufacturing facility
Warehouse Equipment,Storage Systems,Steel Construction,INDUSTRIAL SUPPLIES,RACKING & SHELVING,0.5812712714025328,similarity_search,"[{""l2"": ""INDUSTRIAL SUPPLIES"", ""l3"": ""RACKING & SHELVING"", ""score"": 0.0, ""definition"": ""Purchase of racking and shelving for facilities""}, {""l2"": ""EQUIPMENT"", ""l3"": ""CONVEYORS & SORTATION"", ""score"": 0.0, ""definition"": ""Machinery utilized to move raw materials and products throughout a warehouse or manufacturing facility""}, {""l2"": ""CONSTRUCTION SERVICES"", ""l3"": ""STRUCTURAL METALS"", ""score"": 0.0, ""definition"": ""Structural metals encompass materials such as steel, aluminum, and iron used to build frameworks, supports, and load-bearing structures in buildings, bridges, and industrial facilities. Services in this category include fabrication, welding, cutting, and installation of beams, columns, and trusses. Structural metalwork ensures the integrity, durability, and safety of the overall structure. It is essential in both commercial and infrastructure projects, often customized to meet specific engineering and design requirements.""}]",Purchase of racking and shelving for facilities
Warehouse Equipment,Totes,Beauty Metal Boxes,PACKAGING PRODUCTS,PLASTIC CONTAINERS/TOTES,0.5429272651672363,similarity_search,"[{""l2"": ""PACKAGING PRODUCTS"", ""l3"": ""PLASTIC CONTAINERS/TOTES"", ""score"": 0.0, ""definition"": ""Bulk containers made of plastic""}, {""l2"": ""EQUIPMENT"", ""l3"": ""PACKAGING EQUIPMENT"", ""score"": 0.0, ""definition"": ""Box erectors, palletizers, pack-size machines that make custom boxes""}, {""l2"": ""PACKAGING PRODUCTS"", ""l3"": ""CORRUGATED"", ""score"": 0.0, ""definition"": ""Standard, durable brown shipping box to transport materials - different sizes available""}]",Bulk containers made of plastic
Warehouse Equipment,Totes,Other totes / plastic boxes,PACKAGING PRODUCTS,PLASTIC CONTAINERS/TOTES,0.6732448534223536,similarity_search,"[{""l2"": ""PACKAGING PRODUCTS"", ""l3"": ""PLASTIC CONTAINERS/TOTES"", ""score"": 0.0, ""definition"": ""Bulk containers made of plastic""}, {""l2"": ""EQUIPMENT"", ""l3"": ""PACKAGING EQUIPMENT"", ""score"": 0.0, ""definition"": ""Box erectors, palletizers, pack-size machines that make custom boxes""}, {""l2"": ""PACKAGING PRODUCTS"", ""l3"": ""CORRUGATED"", ""score"": 0.0, ""definition"": ""Standard, durable brown shipping box to transport materials - different sizes available""}]",Bulk containers made of plastic
Warehouse Equipment,Totes,Totes for Conveyor Technology,EQUIPMENT,CONVEYORS & SORTATION,0.6258757601047114,similarity_search,"[{""l2"": ""EQUIPMENT"", ""l3"": ""CONVEYORS & SORTATION"", ""score"": 0.0, ""definition"": ""Machinery utilized to move raw materials and products throughout a warehouse or manufacturing facility""}, {""l2"": ""PACKAGING PRODUCTS"", ""l3"": ""PLASTIC CONTAINERS/TOTES"", ""score"": 0.0, ""definition"": ""Bulk containers made of plastic""}, {""l2"": ""PACKAGING PRODUCTS"", ""l3"": ""BAGS & SACKS"", ""score"": 0.0, ""definition"": ""Bulk containers used to store or transport solids or powder goods""}]",Machinery utilized to move raw materials and products throughout a warehouse or manufacturing facility
Warehouse Equipment,Totes,Totes for Shuttle Technology,PACKAGING PRODUCTS,PLASTIC CONTAINERS/TOTES,0.5239823929055706,similarity_search,"[{""l2"": ""PACKAGING PRODUCTS"", ""l3"": ""PLASTIC CONTAINERS/TOTES"", ""score"": 0.0, ""definition"": ""Bulk containers made of plastic""}, {""l2"": ""EQUIPMENT"", ""l3"": ""CONVEYORS & SORTATION"", ""score"": 0.0, ""definition"": ""Machinery utilized to move raw materials and products throughout a warehouse or manufacturing facility""}, {""l2"": ""PACKAGING PRODUCTS"", ""l3"": ""DRUMS, TOTES & PAILS"", ""score"": 0.0, ""definition"": ""Bulk containers used to store or transport liquids - Commonly, chemicals""}]",Bulk containers made of plastic
Warehouse Equipment,Workstations,Lift Tables,LIFT TRUCK EQUIPMENT,LIFT TRUCKS,0.6168552269425864,similarity_search,"[{""l2"": ""LIFT TRUCK EQUIPMENT"", ""l3"": ""LIFT TRUCKS"", ""score"": 0.0, ""definition"": ""Powered industrial truck utilized to lift and move heavy materials over short distances""}, {""l2"": ""LIFT TRUCK EQUIPMENT"", ""l3"": ""LIFT TRUCK PARTS"", ""score"": 0.0, ""definition"": ""Component parts necessary to operate and maintain a lift truck""}, {""l2"": ""LIFT TRUCK EQUIPMENT"", ""l3"": ""LIFT TRUCK ACCESSORIES"", ""score"": 0.0, ""definition"": ""Lift truck accessories include attachments and add-ons that enhance the functionality of forklifts and other material-handling vehicles. Examples include fork extensions, clamps, safety lights, and load backrests. These accessories improve productivity, safety, and versatility in warehouse and industrial environments. Vendors often provide customization, compatibility guidance, and installation services to ensure optimal performance and operator safety.""}]",Powered industrial truck utilized to lift and move heavy materials over short distances
Warehouse Equipment,Workstations,Other Workstations,FACILITY SERVICES,OFFICE FURNITURE,0.5525075730672431,similarity_search,"[{""l2"": ""FACILITY SERVICES"", ""l3"": ""OFFICE FURNITURE"", ""score"": 0.0, ""definition"": ""Desks, chairs, cubicles, artwork, d\u00e9cor""}, {""l2"": ""EQUIPMENT"", ""l3"": ""PACKAGING EQUIPMENT"", ""score"": 0.0, ""definition"": ""Box erectors, palletizers, pack-size machines that make custom boxes""}, {""l2"": ""EQUIPMENT"", ""l3"": ""CONVEYORS & SORTATION"", ""score"": 0.0, ""definition"": ""Machinery utilized to move raw materials and products throughout a warehouse or manufacturing facility""}]","Desks, chairs, cubicles, artwork, décor"
Warehouse Equipment,Workstations,Worktables,FACILITY SERVICES,OFFICE FURNITURE,0.5299945998204708,similarity_search,"[{""l2"": ""FACILITY SERVICES"", ""l3"": ""OFFICE FURNITURE"", ""score"": 0.0, ""definition"": ""Desks, chairs, cubicles, artwork, d\u00e9cor""}, {""l2"": ""EQUIPMENT"", ""l3"": ""CONVEYORS & SORTATION"", ""score"": 0.0, ""definition"": ""Machinery utilized to move raw materials and products throughout a warehouse or manufacturing facility""}, {""l2"": ""EQUIPMENT"", ""l3"": ""PACKAGING EQUIPMENT"", ""score"": 0.0, ""definition"": ""Box erectors, palletizers, pack-size machines that make custom boxes""}]","Desks, chairs, cubicles, artwork, décor"
